id,Home,home_team_reg_score,Away,away_team_reg_score,lineProvider,overUnder,spread,formattedSpread,season,week,start_date,neutral_site,offense.plays,offense.drives,home_ppa,offense.totalPPA,offense.successRate,offense.explosiveness,offense.powerSuccess,offense.stuffRate,offense.lineYards,offense.lineYardsTotal,offense.secondLevelYards,offense.secondLevelYardsTotal,offense.openFieldYards,offense.openFieldYardsTotal,offense.standardDowns.ppa,offense.standardDowns.successRate,offense.standardDowns.explosiveness,offense.passingDowns.ppa,offense.passingDowns.successRate,offense.passingDowns.explosiveness,offense.rushingPlays.ppa,offense.rushingPlays.totalPPA,offense.rushingPlays.successRate,offense.rushingPlays.explosiveness,offense.passingPlays.ppa,offense.passingPlays.totalPPA,offense.passingPlays.successRate,offense.passingPlays.explosiveness,defense.plays,defense.drives,away_ppa,defense.totalPPA,defense.successRate,defense.explosiveness,defense.powerSuccess,defense.stuffRate,defense.lineYards,defense.lineYardsTotal,defense.secondLevelYards,defense.secondLevelYardsTotal,defense.openFieldYards,defense.openFieldYardsTotal,defense.standardDowns.ppa,defense.standardDowns.successRate,defense.standardDowns.explosiveness,defense.passingDowns.ppa,defense.passingDowns.successRate,defense.passingDowns.explosiveness,defense.rushingPlays.ppa,defense.rushingPlays.totalPPA,defense.rushingPlays.successRate,defense.rushingPlays.explosiveness,defense.passingPlays.ppa,defense.passingPlays.totalPPA,defense.passingPlays.successRate,defense.passingPlays.explosiveness,i_home,i_away,i_pair,H_proj,A_proj
400548256,Utah,56,Idaho State,14,consensus,,-41.0,Utah -41,2014,1,8/28/2014,False,77,13,0.463717116,35.70621794,0.545454545,1.347803579,1.0,0.162790698,3.237209302,139,1.186046512,51.0,1.488372093,64.0,0.307705865,0.62962963,0.991568997,0.830004401,0.347826087,2.861800556,0.279419332,12.01503127,0.511627907,1.029459899,0.696799608,23.69118667,0.588235294,1.697981628,84,15,0.092804686,7.795593627,0.333333333,1.263177773,0.5,0.175,3.175,127,1.0,40.0,1.325,53.0,-0.066196715,0.346938776,1.031543244,0.315406647,0.314285714,1.621158409,0.040831127,1.633245092,0.35,0.830351109,0.140053376,6.162348536,0.318181818,1.696004437,213,76,15146,,
400548091,Northern Illinois,55,Presbyterian College,3,consensus,,-38.0,Northern Illinois -38,2014,1,8/28/2014,False,111,14,0.327780058,36.38358643,0.54954955,1.054521406,0.875,0.12,3.602666667,270,1.453333333,109.0,1.146666667,86.0,0.115366333,0.575,0.706596661,0.875944508,0.483870968,2.121490625,0.3766655,28.24991247,0.573333333,1.007813207,0.283192598,9.62854834,0.470588235,1.405294518,48,13,-0.147452038,-7.077697807,0.229166667,0.796764731,0.333333333,0.296296296,1.914814815,52,0.740740741,20.0,0.111111111,3.0,-0.30416717,0.307692308,0.483964363,0.037756755,0.136363636,1.630899043,-0.182162978,-4.918400412,0.185185185,0.955289776,-0.066377234,-1.327544688,0.25,0.963943173,139,156,23090,,
400547829,Louisiana Monroe,17,Wake Forest,10,consensus,,5.0,Wake Forest -5,2014,1,8/28/2014,False,86,13,-0.089105329,-7.663058253,0.406976744,0.925659507,0.75,0.166666667,2.523809524,106,0.785714286,33.0,0.833333333,35.0,-0.20662505,0.442622951,0.58462876,0.197642791,0.32,2.07663828,0.089654295,3.765480387,0.5,0.763143474,-0.085079311,-3.573331081,0.30952381,1.321005823,50,13,-0.281189151,-14.05945753,0.22,0.586217068,0.666666667,0.3,2.29,46,0.45,9.0,,,-0.194289066,0.3,0.581223654,-0.411539277,0.1,0.608687431,-0.232138921,-4.642778413,0.15,0.142234421,-0.30975282,-8.98283178,0.24137931,0.922218832,97,221,18262,,
400548092,Central Michigan,20,Chattanooga,16,consensus,,-11.5,Central Michigan -11.5,2014,1,8/28/2014,False,72,13,-0.005868363,-0.422522165,0.361111111,1.20372316,0.5,0.244444444,2.113333333,95,0.955555556,43.0,0.4,18.0,-0.08607707,0.434782609,0.87496495,0.136039348,0.230769231,2.299583859,-0.158989999,-7.154549971,0.355555556,0.841259095,0.249334363,6.732027806,0.37037037,1.783665665,54,13,0.054976673,2.968740342,0.333333333,1.217730564,1.0,0.24137931,2.844827586,83,1.24137931,36.0,0.448275862,13.0,-0.077118551,0.342857143,1.155108804,0.29830998,0.315789474,1.342974086,0.02786996,0.808228835,0.379310345,0.727558716,0.058102613,1.394462716,0.25,2.191659249,32,35,7026,,
400548090,Akron,41,Howard,0,consensus,,-21.0,Akron -21,2014,1,8/28/2014,False,72,13,0.319945568,23.03608091,0.430555556,1.698213551,0.666666667,0.137931034,2.955172414,86,1.0,29.0,0.827586207,24.0,0.03464955,0.413043478,1.217946731,0.824700062,0.461538462,2.458636016,0.132295744,3.836576584,0.379310345,1.167492567,0.446500101,19.19950432,0.465116279,1.990110092,75,14,-0.07682169,-5.761626724,0.306666667,1.07848503,0.25,0.195652174,3.058695652,141,0.847826087,39.0,0.391304348,18.0,-0.294182168,0.282608696,0.826323114,0.267957001,0.344827586,1.406295521,0.064621708,2.97259859,0.391304348,1.013504859,-0.301180183,-8.734225313,0.172413793,1.312413648,2,74,540,,
400547815,Syracuse,27,Villanova,26,consensus,,-14.0,Syracuse -14,2014,1,8/29/2014,False,71,11,0.070158539,4.981256297,0.352112676,1.220037464,0.285714286,0.382352941,0.791176471,27,0.764705882,26.0,2.029411765,69.0,-0.127698367,0.288888889,1.111284631,0.412603184,0.461538462,1.337853033,-0.101415384,-3.44812305,0.264705882,1.353462779,0.241057454,8.437010895,0.4,1.309100224,88,10,0.115371855,10.15272324,0.431818182,0.971941963,0.875,0.160714286,2.871428571,161,0.660714286,37.0,0.214285714,12.0,0.008865687,0.440677966,0.819371611,0.332056817,0.413793103,1.302511057,0.098192379,5.498773228,0.410714286,0.833353122,0.204800942,6.144028269,0.433333333,1.48128854,186,217,26535,,
400548404,New Mexico State,28,Cal Poly,10,consensus,,7.0,Cal Poly -7,2014,1,8/29/2014,False,74,12,0.126664447,9.373169047,0.486486486,0.96124257,0.777777778,0.170212766,2.819148936,133,1.0,47.0,0.531914894,25.0,-0.066664393,0.5,0.713071566,0.728131948,0.444444444,1.829841084,0.037605716,1.767468667,0.510638298,0.729463782,0.281692607,7.60570038,0.444444444,1.424800145,57,12,-0.000851727,-0.048548462,0.403508772,0.938553773,0.5,0.183673469,3.187755102,156,1.224489796,60.0,1.408163265,69.0,-0.021605268,0.454545455,0.779428777,0.069391025,0.230769231,1.999387081,0.157404624,7.712826582,0.448979592,1.024001363,-0.974297408,-6.820081853,0.0,,127,27,6093,,
400548255,Arizona State,45,Weber State,14,consensus,,-45.5,Arizona State -45.5,2014,1,8/29/2014,False,85,13,0.345794059,29.39249503,0.517647059,1.208861176,1.0,0.045454545,3.775,166,1.136363636,50.0,1.568181818,69.0,0.244458209,0.566666667,0.888503618,0.589000099,0.4,2.298076874,0.314738763,13.84850558,0.522727273,0.889153766,0.391471081,15.65884324,0.5,1.642710446,61,14,0.045504214,2.775757024,0.327868852,1.462392595,0.4,0.2,2.34,70,0.6,18.0,2.633333333,79.0,-0.301481913,0.317073171,0.808164503,0.756825772,0.35,2.677387621,-0.097604109,-2.928123285,0.333333333,1.164085608,0.183996139,5.703880309,0.322580645,1.760699581,10,224,2518,,
400547952,Michigan State,45,Jacksonville State,7,consensus,,-27.5,Michigan State -27.5,2014,1,8/29/2014,False,75,13,0.42532236,31.89917703,0.506666667,1.359032691,0.625,0.14,2.608,130,1.02,51.0,0.7,35.0,0.337998503,0.509090909,1.215810486,0.66546297,0.5,1.760054863,0.07191285,3.595642523,0.44,0.872730106,1.196323539,28.71176495,0.625,2.190094024,62,12,-0.045956238,-2.849286736,0.322580645,1.269725822,0.666666667,0.35,2.105,42,0.9,18.0,0.85,17.0,0.050069995,0.444444444,1.052812359,-0.178915636,0.153846154,2.137379676,-0.194690551,-3.893811029,0.25,0.969787495,0.024869626,1.044524293,0.357142857,1.369705264,109,85,16428,,
400548003,Western Kentucky,59,Bowling Green,31,consensus,,7.5,Bowling Green -7.5,2014,1,8/29/2014,False,98,12,0.499283912,48.92982334,0.602040816,1.165648765,0.857142857,0.30952381,2.633333333,111,1.0,42.0,0.595238095,25.0,0.323853193,0.633802817,0.857819193,0.960601728,0.518518519,2.155100958,0.012928396,0.542992635,0.476190476,0.722173329,0.883804158,48.60922871,0.690909091,1.435584435,72,12,0.304758801,21.94263368,0.555555556,1.068778539,0.666666667,0.09375,3.175,102,1.21875,39.0,1.6875,54.0,0.174786454,0.581818182,0.894329861,0.725257573,0.470588235,1.766573251,0.207680953,6.645790494,0.5625,0.875800482,0.345168902,13.46158719,0.538461538,1.197689376,228,23,5356,,
400547802,NC State,24,Georgia Southern,23,consensus,,-23.0,NC State -23,2014,1,8/30/2014,False,76,12,0.244619459,18.59107887,0.539473684,1.020857305,0.714285714,0.147058824,3.667647059,125,1.323529412,45.0,0.852941176,29.0,0.098717542,0.561403509,0.828107653,0.682325209,0.473684211,1.706189398,0.124913179,4.247048087,0.470588235,0.883433874,0.352275237,14.44328471,0.585365854,1.159144226,66,11,0.237882173,15.7002234,0.393939394,1.299733001,1.0,0.173913043,2.417391304,111,0.913043478,42.0,2.239130435,103.0,0.090977846,0.452380952,0.813844091,0.494964744,0.291666667,2.618574327,0.05431776,2.498616938,0.304347826,1.173423665,0.903922491,15.36668235,0.529411765,2.170022511,121,65,13250,,
400547728,UMass,7,Boston College,30,consensus,,12.5,Boston College -12.5,2014,1,8/30/2014,False,44,10,-0.017932023,-0.789009015,0.340909091,1.363666355,1.0,0.105263158,3.963157895,75,1.105263158,21.0,0.736842105,14.0,-0.108976222,0.428571429,0.873575827,0.141395325,0.1875,3.324028468,0.158480665,3.011132629,0.473684211,0.797356244,-0.152005666,-3.800141644,0.24,2.213131523,89,10,0.288913065,25.71326281,0.584269663,0.867867003,0.769230769,0.180327869,3.696721311,226,1.655737705,101.0,0.721311475,44.0,0.29215651,0.617647059,0.855317797,0.278410482,0.476190476,0.92057367,0.341146578,20.80994126,0.573770492,0.883244888,0.255887521,6.397188016,0.56,1.122098538,207,22,5123,,
400548010,UAB,48,Troy,10,consensus,,-1.0,UAB -1,2014,1,8/30/2014,False,75,11,0.355919718,26.69397886,0.533333333,1.134912647,0.8,0.127272727,3.612727273,199,1.418181818,78.0,1.6,88.0,0.380558225,0.568965517,1.093938662,0.271858929,0.411764706,1.328075723,0.337907332,18.58490325,0.527272727,1.052442827,0.396931089,7.144759597,0.5,1.545705322,68,13,0.031602887,2.148996302,0.397058824,0.921701354,0.8,0.21875,2.240625,72,0.875,28.0,0.09375,3.0,0.048036061,0.512195122,0.836301746,0.006648808,0.222222222,1.22059998,-0.064327839,-2.058490858,0.34375,0.565780675,0.106955976,3.74345916,0.428571429,1.213221408,203,200,27102,,
400547644,Houston,7,UT San Antonio,27,consensus,,-12.5,Houston -12.5,2014,1,8/30/2014,False,72,16,-0.201427821,-14.50280309,0.236111111,1.386826381,1.0,0.263157895,-0.773684211,-15,0.473684211,9.0,,,-0.303885685,0.307692308,1.115054757,-0.080341254,0.151515152,2.039078278,-0.052244394,-0.992643484,0.263157895,1.504420754,-0.254908672,-13.5101596,0.226415094,1.337828725,76,15,-0.05336983,-4.056107116,0.394736842,0.69739285,0.666666667,0.229166667,2.652083333,127,0.666666667,32.0,0.145833333,7.0,-0.106641992,0.44,0.580201446,0.049076634,0.307692308,1.019669211,0.039198111,1.881509344,0.395833333,0.631095549,-0.19624358,-5.102333074,0.346153846,1.085139273,72,211,14502,,
400547839,Kansas State,55,Stephen F. Austin,16,consensus,,-43.0,Kansas State -43,2014,1,8/30/2014,False,83,13,0.381502894,31.66474023,0.578313253,1.063767183,0.714285714,0.083333333,4.039583333,194,1.375,66.0,0.4375,21.0,0.284346353,0.612903226,0.936188026,0.668346018,0.476190476,1.548567977,0.418345722,20.08059465,0.604166667,0.930317354,0.337206081,11.12780068,0.515151515,1.389722153,58,11,0.158826131,9.211915595,0.379310345,1.457980578,0.333333333,0.352941176,1.541176471,26,0.882352941,15.0,2.941176471,50.0,-0.162881331,0.375,0.957181802,0.554773777,0.384615385,2.05893911,-0.019267888,-0.327554097,0.294117647,1.929626545,0.232669992,9.539469691,0.414634146,1.319261176,88,184,16947,,
400547928,Iowa,31,Northern Iowa,23,consensus,,-19.0,Iowa -19,2014,1,8/30/2014,False,74,13,0.555995329,41.14365432,0.445945946,1.828843908,0.5,0.264705882,2.505882353,85,0.941176471,32.0,1.529411765,52.0,0.327144428,0.461538462,1.361370029,1.096915639,0.409090909,3.075440918,0.415281803,14.11958131,0.411764706,1.75248697,0.61789794,24.09801968,0.461538462,1.827276559,58,13,-0.152466704,-8.843068812,0.362068966,1.026294312,0.5,0.263157895,2.121052632,40,0.684210526,13.0,,,-0.00886253,0.411764706,0.896373772,-0.355905949,0.291666667,1.286135393,-0.225662204,-4.287581871,0.421052632,0.310402195,-0.163053394,-6.032975589,0.297297297,1.59922494,82,140,16006,,
400547772,Georgia Tech,38,Wofford,19,consensus,,-28.0,Georgia Tech -28,2014,1,8/30/2014,False,60,10,0.486375209,29.18251255,0.483333333,1.509659286,0.833333333,0.093023256,3.502325581,151,1.11627907,48.0,0.790697674,34.0,0.4573013,0.468085106,1.505986217,0.591488571,0.538461538,1.521203216,0.203083657,8.73259724,0.418604651,1.093204501,1.350383674,21.60613879,0.625,2.525866175,62,9,0.161223034,9.995828125,0.451612903,1.153752677,0.75,0.255319149,2.372340426,112,0.872340426,41.0,2.340425532,110.0,0.029473437,0.511627907,0.836310685,0.459393176,0.315789474,2.317706646,0.189164691,8.890740459,0.446808511,1.241343267,-0.052616337,-0.684012379,0.384615385,0.889553258,67,232,13698,,
400548093,Ball State,30,Colgate,10,consensus,,-27.0,Ball State -27,2014,1,8/30/2014,False,88,12,0.222620662,19.59061826,0.534090909,0.953670516,1.0,0.132075472,3.067924528,163,1.264150943,67.0,1.660377358,88.0,0.168363636,0.569230769,0.782835401,0.375955735,0.434782609,1.585760442,0.209579877,11.10773347,0.547169811,0.850678058,0.28132523,9.002407348,0.46875,1.378158208,55,12,-0.008917046,-0.490437506,0.327272727,0.921899421,0.666666667,0.178571429,2.275,64,0.678571429,19.0,0.285714286,8.0,0.040006346,0.421052632,0.929659507,-0.118275215,0.117647059,0.859818736,-0.042799336,-1.198381409,0.285714286,0.876694982,0.030224654,0.785840998,0.346153846,1.073169648,18,39,4097,,
400548094,Buffalo,38,Duquesne,28,consensus,,-28.0,Buffalo -28,2014,1,8/30/2014,False,86,13,0.21339469,18.35194334,0.430232558,1.193310581,0.714285714,0.106382979,3.204255319,151,0.617021277,29.0,0.425531915,20.0,0.083257164,0.430769231,1.044938577,0.616201317,0.428571429,1.654912371,0.140410362,6.599287026,0.382978723,0.871977481,0.33007963,12.54302592,0.473684211,1.624848135,70,14,0.180231564,12.61620949,0.328571429,1.752954745,0.6,0.206896552,2.103448276,61,0.275862069,8.0,0.103448276,3.0,0.091453265,0.414634146,1.395716518,0.305745711,0.206896552,2.765129721,-0.047572504,-1.379602627,0.310344828,0.969494742,0.341361271,13.99581212,0.341463415,2.256607604,26,47,5805,,
400548258,Oregon State,29,Portland State,14,consensus,,-35.0,Oregon State -35,2014,1,8/30/2014,False,87,15,0.132326606,11.51241469,0.459770115,0.830248733,0.666666667,0.114285714,3.268571429,114,1.228571429,43.0,1.8,63.0,0.125779999,0.483333333,0.75056002,0.146874621,0.407407407,1.040337158,0.191203846,6.692134599,0.485714286,0.825638781,0.178390426,8.384350013,0.382978723,1.263231108,49,13,0.069438018,3.402462879,0.306122449,1.432082798,0.0,0.19047619,2.876190476,60,1.428571429,30.0,3.666666667,77.0,0.078475852,0.40625,1.245460926,0.052425624,0.117647059,2.645124963,0.367046636,7.707979353,0.380952381,1.790791982,-0.153768445,-4.305516474,0.25,1.022129444,151,154,24162,,
400548004,Florida International,12,Bethune-Cookman,14,consensus,,-1.0,Florida International -1,2014,1,8/30/2014,False,67,13,-0.190460841,-12.76087633,0.298507463,0.978938918,0.5,0.321428571,1.139285714,32,0.571428571,16.0,0.464285714,13.0,-0.386445994,0.292682927,0.559530305,0.11859267,0.307692308,1.608051837,-0.346777893,-9.709781,0.25,0.636869619,-0.038009838,-1.406364009,0.297297297,1.524129304,60,13,0.008092524,0.485551431,0.283333333,1.482534611,0.571428571,0.162162162,2.597297297,96,0.567567568,21.0,0.243243243,9.0,-0.108052423,0.325,0.959993865,0.240382418,0.2,3.180792033,-0.114458883,-4.234978668,0.297297297,0.845329796,0.205240439,4.720530099,0.260869565,2.650743437,58,20,4547,,
400547646,South Florida,36,Western Carolina,31,consensus,,-26.0,South Florida -26,2014,1,8/30/2014,False,62,15,0.220065381,13.64405364,0.403225806,1.595248113,0.0,0.21875,3.04375,97,1.3125,42.0,5.0625,162.0,0.108035263,0.368421053,1.544873044,0.397446402,0.458333333,1.659361836,0.492937582,15.77400261,0.46875,1.794359638,-0.041015641,-1.107422317,0.259259259,1.998333557,96,16,0.150580337,14.45571239,0.46875,0.981325853,1.0,0.125,2.866666667,69,0.75,18.0,0.291666667,7.0,0.070640461,0.515151515,0.77760938,0.326448065,0.366666667,1.610994951,0.267301786,6.415242872,0.5,1.009887432,0.118390852,8.405750511,0.450704225,1.012696724,176,226,26009,,
400548171,Colorado,17,Colorado State,31,consensus,,-3.0,Colorado -3,2014,1,8/30/2014,True,74,11,0.098480911,7.287587399,0.472972973,0.86107004,0.777777778,0.117647059,3.352941176,114,0.676470588,23.0,0.088235294,3.0,0.040291283,0.545454545,0.718145779,0.26692457,0.263157895,1.718615604,0.063723706,2.166605998,0.470588235,0.465980704,0.153675902,5.993360166,0.461538462,1.308563272,69,12,0.313994158,21.66559689,0.492753623,1.167673714,1.0,0.181818182,3.313636364,146,1.659090909,73.0,1.318181818,58.0,0.232356842,0.530612245,1.024403023,0.514005582,0.4,1.633303458,0.266384294,11.72090894,0.5,1.018022315,0.377929303,9.070303277,0.458333333,1.493639151,40,41,8620,,
400547943,Michigan,52,Appalachian State,14,consensus,,-33.5,Michigan -33.5,2014,1,8/30/2014,False,55,11,0.515095274,28.33024007,0.563636364,1.575253065,0.75,0.264705882,3.347058824,114,1.764705882,60.0,5.852941176,199.0,0.347074621,0.558139535,1.406302114,1.117169279,0.583333333,2.154513467,0.622965703,21.1808339,0.529411765,1.690589972,0.41818261,8.363652199,0.6,1.634705961,70,12,-0.031662534,-2.216377352,0.328571429,1.043039063,1.0,0.088235294,3.235294118,110,0.882352941,30.0,0.882352941,30.0,0.02634235,0.404255319,0.927957095,-0.150194253,0.173913043,1.589678412,0.273925596,9.313470257,0.441176471,0.983078655,-0.135958555,-4.758549417,0.228571429,1.155464829,108,8,1951,,
400547795,North Carolina,56,Liberty,29,consensus,,-26.0,North Carolina -26,2014,1,8/30/2014,False,92,19,0.20710944,19.05406851,0.510869565,0.993626534,1.0,0.108695652,3.930434783,181,1.260869565,58.0,0.739130435,34.0,0.163542251,0.590909091,0.820359694,0.317703075,0.307692308,1.83830238,0.371760134,17.10096618,0.565217391,0.884910455,0.085300269,3.838512125,0.466666667,1.128227395,70,19,-0.044393597,-3.107551785,0.414285714,0.926477457,0.8,0.157894737,2.639473684,100,0.894736842,34.0,0.473684211,18.0,-0.141514327,0.446808511,0.797824176,0.154070504,0.347826087,1.264192318,0.063912183,2.428662946,0.447368421,0.848599887,-0.17300671,-5.536214731,0.375,1.036804014,131,95,17895,,
400548405,Arkansas State,37,Montana State,10,consensus,,-8.5,Arkansas State -8.5,2014,1,8/30/2014,False,80,14,0.233785942,18.70287533,0.5,1.032835297,0.555555556,0.086956522,3.430434783,158,1.217391304,56.0,1.847826087,85.0,0.214597132,0.534482759,1.020545959,0.284374621,0.409090909,1.07516524,0.161487423,7.428421455,0.52173913,0.794957714,0.376044509,11.65737978,0.419354839,1.739796359,71,16,-0.066450828,-4.718008807,0.253521127,1.261439633,0.5,0.421052632,1.715789474,65,0.526315789,20.0,0.736842105,28.0,-0.122398694,0.333333333,0.925158806,0.001735633,0.15625,2.135769784,0.042407614,1.611489335,0.263157895,1.345663861,-0.185039616,-5.921267705,0.21875,1.379643604,12,118,2859,,
400548097,Kent State,14,Ohio,17,consensus,,-1.5,Kent State -1.5,2014,1,8/30/2014,False,63,11,0.185553362,11.68986179,0.396825397,1.149322178,0.0,0.4,1.52,30,0.55,11.0,,,0.063071829,0.45,0.881559373,0.398564723,0.304347826,1.837855107,-0.233100326,-4.662006527,0.25,0.479078566,0.380276007,16.35186832,0.465116279,1.316883082,65,11,0.311240049,20.23060317,0.492307692,1.117934215,0.6,0.15,3.2925,132,0.7,28.0,0.2,8.0,0.273996798,0.509433962,1.079997553,0.475731075,0.416666667,1.32279219,-0.005903782,-0.2361513,0.4,0.605873205,0.868800994,20.85122385,0.625,1.764292866,89,144,17053,,
400548170,Air Force,44,Nicholls,16,consensus,,-14.0,Air Force -14,2014,1,8/30/2014,False,78,12,0.418907999,32.67482393,0.564102564,1.076049048,0.545454545,0.083333333,3.988888889,287,1.652777778,119.0,2.069444444,149.0,0.361129223,0.557142857,1.04699916,0.924472292,0.625,1.302638175,0.484494953,34.88363662,0.597222222,1.077389356,-0.368135449,-2.208812693,0.166666667,1.018415804,62,11,0.006136028,0.38043376,0.338709677,1.27657776,0.0,0.28,2.192,55,0.84,21.0,0.64,16.0,-0.190936421,0.341463415,0.927041255,0.390896525,0.333333333,1.975650771,-0.215791175,-5.394779364,0.24,0.907867991,0.228622357,8.001782493,0.4,1.558856072,1,128,361,,
400548400,Kentucky,59,UT Martin,14,consensus,,-20.0,Kentucky -20,2014,1,8/30/2014,False,62,12,0.58969217,36.56091451,0.516129032,1.764195934,0.571428571,0.214285714,3.15,88,1.25,35.0,4.321428571,121.0,0.572087458,0.541666667,1.685179621,0.650051182,0.428571429,2.106599958,0.611535435,17.12299218,0.5,1.825363056,0.621865933,20.52157579,0.515151515,1.881343563,80,12,0.129369457,10.34955658,0.425,1.271029821,0.714285714,0.045454545,3.556818182,157,0.886363636,39.0,0.613636364,27.0,0.035136859,0.457627119,1.108843034,0.394118185,0.333333333,1.896607432,0.096715297,4.255473083,0.409090909,0.787277294,0.169280097,6.094083496,0.444444444,1.815251415,90,210,17264,,
400547916,Indiana,28,Indiana State,10,consensus,,-27.0,Indiana -27,2014,1,8/30/2014,False,80,12,0.679391281,54.35130247,0.575,1.502445198,0.833333333,0.131147541,4.101639344,250,1.672131148,102.0,2.147540984,131.0,0.743882205,0.644067797,1.474713026,0.498202493,0.380952381,1.634173012,0.805454105,49.13270043,0.639344262,1.490391524,0.274663265,5.218602039,0.368421053,1.569601381,52,11,-0.327534872,-17.03181336,0.269230769,0.864810452,0.666666667,0.3125,1.74375,28,0.625,10.0,1.375,22.0,-0.340420125,0.290322581,0.64324412,-0.308513785,0.238095238,1.26362985,-0.304813721,-4.877019538,0.1875,0.790460889,-0.334063702,-11.69222959,0.285714286,1.01985279,80,81,15640,,
400547904,Illinois,28,Youngstown State,17,consensus,,-9.0,Illinois -9,2014,1,8/30/2014,False,57,12,0.306754544,17.48500903,0.368421053,1.613848085,0.666666667,0.263157895,2.436842105,46,0.894736842,17.0,0.526315789,10.0,0.125640687,0.382352941,1.295069901,0.574488073,0.347826087,2.131862634,-0.150760286,-2.86444544,0.263157895,0.878675256,0.53551196,20.34945447,0.421052632,1.843589594,85,13,0.045580228,3.874319358,0.341176471,1.308553665,0.5,0.214285714,2.9,162,0.785714286,44.0,0.446428571,25.0,-0.046316624,0.365384615,1.025290109,0.190387387,0.303030303,1.84675442,0.062699296,3.511160599,0.357142857,1.105432832,0.05110572,1.328748715,0.230769231,2.8008316,77,235,15326,,
400548401,Missouri,38,South Dakota State,18,consensus,,-14.0,Missouri -14,2014,1,8/30/2014,False,61,12,0.284300952,17.3423581,0.540983607,1.14855938,0.833333333,0.102564103,3.297435897,129,1.564102564,61.0,1.179487179,46.0,0.236544441,0.5625,1.015847922,0.460632689,0.461538462,1.745760945,0.234224835,9.134768578,0.564102564,0.947727715,0.37213358,7.814805173,0.476190476,1.665966548,64,13,0.116556455,7.459613148,0.3125,1.641996571,1.0,0.344827586,1.520689655,44,0.689655172,20.0,2.482758621,72.0,-0.164747452,0.315789474,1.336483081,0.527692936,0.307692308,2.100266806,-0.04270851,-1.238546786,0.206896552,1.799809056,0.265818478,9.037828253,0.382352941,1.7215958,114,175,20409,,
400548259,Stanford,45,UC Davis,0,consensus,,-47.0,Stanford -47,2014,1,8/30/2014,False,26,4,-0.018327238,-0.476508195,0.423076923,0.924404631,0.0,0.153846154,3.0,39,1.538461538,20.0,1.538461538,20.0,0.215444733,0.526315789,0.922455659,-0.652851161,0.142857143,0.943894352,0.026018978,0.338246712,0.384615385,0.965637594,-0.062673454,-0.814754907,0.461538462,0.890043828,18,5,-0.10464376,-1.883587686,0.166666667,0.605052659,0.0,0.2,1.56,16,,,,,-0.072757775,0.25,0.605052659,-0.168415731,0.0,,-0.22637482,-2.263748203,0.0,,0.047520065,0.380160517,0.375,0.605052659,183,204,26372,,
400547982,Navy,17,Ohio State,34,consensus,,19.5,Ohio State -19.5,2014,1,8/30/2014,True,68,11,0.100296256,6.820145415,0.529411765,0.927486611,0.714285714,0.196721311,2.31147541,141,1.590163934,97.0,1.754098361,107.0,0.053585374,0.6,0.833829225,0.230048708,0.333333333,1.395773541,0.155341118,9.475808188,0.557377049,0.934286821,-0.387571608,-2.32542965,0.166666667,1.953999199,57,10,0.278731395,15.88768951,0.543859649,1.079230525,0.571428571,0.205128205,3.217948718,126,1.564102564,61.0,0.897435897,35.0,0.105548809,0.533333333,1.044379367,0.928166092,0.583333333,1.19872021,0.160517239,6.260172316,0.512820513,0.87260213,0.606062326,9.696997217,0.5625,1.785953745,122,145,21311,,
400548174,Nevada,28,Southern Utah,19,consensus,,-18.0,Nevada -18,2014,1,8/30/2014,False,96,15,0.135286408,12.98749521,0.552083333,0.857014015,1.0,0.096153846,3.703846154,193,1.057692308,55.0,0.557692308,29.0,0.058422396,0.6,0.767766336,0.40980074,0.380952381,1.359032206,0.160647677,8.353679205,0.557692308,0.570240602,0.105314,4.633816006,0.545454545,1.203531888,63,14,0.035791003,2.254833193,0.428571429,1.082912575,0.0,0.05,4.015,80,1.4,28.0,3.4,68.0,0.145080195,0.545454545,1.012657426,-0.217299757,0.157894737,1.644953763,0.396388765,7.927775296,0.5,1.236076149,-0.131928886,-5.672942103,0.395348837,0.992816355,124,182,21571,,
400547936,Maryland,52,James Madison,7,consensus,,-21.5,Maryland -21.5,2014,1,8/30/2014,False,86,16,0.265717162,22.85167595,0.465116279,1.230275773,1.0,0.14,3.68,184,1.48,74.0,1.02,51.0,0.27019313,0.476190476,1.221484015,0.253456903,0.434782609,1.256651046,0.419049057,20.95245284,0.52,1.215824559,0.009565946,0.334808121,0.371428571,1.233475184,80,16,-0.061942349,-4.955387917,0.35,0.9181013,0.8,0.11627907,3.113953488,134,0.720930233,31.0,1.0,43.0,0.068896889,0.480769231,0.843837322,-0.304929504,0.107142857,1.536967779,0.097621934,4.197743172,0.465116279,0.754663982,-0.247381921,-9.153131089,0.216216216,1.326694594,102,86,16570,,
400548179,Wyoming,17,Montana,12,consensus,,-3.5,Wyoming -3.5,2014,1,8/30/2014,False,68,13,-0.013048133,-0.887273059,0.382352941,1.12732973,1.0,0.195121951,3.309756098,136,1.268292683,52.0,2.243902439,92.0,0.083061913,0.422222222,1.035856789,-0.201089528,0.304347826,1.375613428,0.16063195,6.585909959,0.43902439,1.134328821,-0.334824017,-8.705424435,0.269230769,1.094344684,65,13,0.034287545,2.228690434,0.338461538,1.211127942,0.0,0.333333333,1.988888889,36,0.777777778,14.0,0.0,0.0,0.098415518,0.405405405,1.235612404,-0.050452991,0.25,1.15866124,-0.154427755,-2.779699582,0.277777778,0.741263496,0.10656149,5.008390016,0.361702128,1.349323368,233,117,20824,,
400547834,Oklahoma,48,Louisiana Tech,16,consensus,,-37.5,Oklahoma -37.5,2014,1,8/30/2014,False,75,12,0.321744712,24.13085341,0.493333333,1.256510244,0.857142857,0.102564103,3.541025641,138,1.025641026,40.0,0.512820513,20.0,0.42381158,0.555555556,1.182705178,0.059287052,0.333333333,1.572817671,0.310345128,12.10345998,0.512820513,1.030631576,0.349030726,11.86704467,0.441176471,1.714526584,66,12,0.068153705,4.498144507,0.378787879,1.062186678,0.5,0.333333333,1.677777778,45,0.592592593,16.0,0.703703704,19.0,-0.099313526,0.368421053,0.926510041,0.29543066,0.392857143,1.234866033,-0.207406104,-5.599964804,0.296296296,0.926402939,0.269258344,10.23181705,0.421052632,1.204821948,146,98,18324,,
400548009,Mississippi State,49,Southern Mississippi,0,consensus,,-26.0,Mississippi State -26,2014,1,8/30/2014,False,56,12,0.168901794,9.458500481,0.571428571,1.080716342,0.666666667,0.178571429,3.539285714,99,1.321428571,37.0,1.535714286,43.0,0.09989523,0.5625,0.996528656,0.58294118,0.625,1.535329846,0.101526776,2.842749727,0.535714286,0.797261869,0.236276813,6.615750755,0.607142857,1.33082323,53,13,-0.338680966,-17.9500912,0.226415094,0.933052186,1.0,0.291666667,2.154166667,52,0.541666667,13.0,0.125,3.0,-0.380626493,0.296296296,0.642168907,-0.295122149,0.153846154,1.514818743,-0.02554341,-0.613041833,0.25,0.770422079,-0.238183155,-6.669128343,0.214285714,1.095682292,112,181,20172,,
400548407,Texas State,65,Arkansas-Pine Bluff,0,consensus,,-28.0,Texas State -28,2014,1,8/30/2014,False,80,12,0.565375247,45.23001974,0.7375,0.981105299,0.666666667,0.12244898,4.028571429,197,2.020408163,99.0,2.0,98.0,0.554618019,0.764705882,0.920872202,0.626332869,0.583333333,1.42855116,0.462887128,22.68146929,0.734693878,0.862039681,0.769374874,23.08124623,0.733333333,1.244749085,58,12,-0.018250873,-1.058550629,0.310344828,1.15938743,1.0,0.117647059,3.285294118,112,0.735294118,25.0,0.735294118,25.0,-0.076253419,0.358974359,0.924020066,0.100806985,0.210526316,1.983173205,0.051221844,1.741542685,0.323529412,0.93305172,-0.116670555,-2.800093314,0.291666667,1.515057832,195,13,3158,,
400548406,Louisiana,45,Southern,6,consensus,,-38.0,Louisiana -38,2014,1,8/30/2014,False,78,14,0.310348076,24.20714993,0.564102564,1.085619777,0.857142857,0.073170732,3.736585366,153,1.341463415,55.0,1.390243902,57.0,0.265481871,0.583333333,1.041692571,0.459902091,0.5,1.256447801,0.277690446,11.38530829,0.585365854,0.834046069,0.370031517,13.32113462,0.527777778,1.486813554,72,14,-0.012800147,-0.921610574,0.291666667,1.123757482,0.333333333,0.3125,2.1,67,0.5625,18.0,,,-0.009824926,0.333333333,1.026327359,-0.017758848,0.222222222,1.367332791,-0.158189523,-5.06206473,0.15625,1.012656416,0.103511354,4.140454156,0.4,1.158476565,96,179,18082,,
400547838,Texas Tech,42,Central Arkansas,35,consensus,,-28.0,Texas Tech -28,2014,1,8/30/2014,False,89,13,0.368871877,32.82959701,0.539325843,1.308850996,0.6,0.222222222,2.888888889,104,1.472222222,53.0,0.972222222,35.0,0.068582423,0.523809524,0.848553014,1.096496321,0.576923077,2.321506559,0.106697342,3.841104326,0.444444444,1.064731706,0.597502512,31.07013064,0.615384615,1.430910642,96,13,0.185864581,17.84299982,0.458333333,1.010933359,0.705882353,0.153846154,2.955769231,154,0.846153846,44.0,0.096153846,5.0,0.086953343,0.47761194,0.868399689,0.41438365,0.413793103,1.391023145,0.184424134,9.590054947,0.519230769,0.786619749,0.216197421,9.080291672,0.357142857,1.604645424,196,30,6780,,
400547837,TCU,48,Samford,14,consensus,,-34.5,TCU -34.5,2014,1,8/30/2014,False,98,15,0.204436595,20.03478633,0.56122449,0.991985098,0.7,0.111111111,3.566666667,161,1.355555556,61.0,0.911111111,41.0,0.216310833,0.613333333,0.812554983,0.165716255,0.391304348,1.909072348,0.382729248,17.22281616,0.622222222,0.959930405,0.092507908,4.717903302,0.490196078,1.183482486,67,15,-0.064579427,-4.326821605,0.208955224,1.283390334,0.333333333,0.369565217,1.326086957,61,0.652173913,30.0,0.043478261,2.0,-0.193731041,0.264705882,0.88332592,0.068485873,0.151515152,2.00350628,-0.078653515,-3.618061706,0.239130435,1.068377442,-0.033750471,-0.708759899,0.142857143,2.071770939,187,166,25335,,
400547645,Memphis,63,Austin Peay,0,consensus,,-31.0,Memphis -31,2014,1,8/30/2014,False,81,14,0.394395767,31.94605712,0.567901235,1.162037827,1.0,0.181818182,3.638181818,200,1.327272727,73.0,1.672727273,92.0,0.276614026,0.609375,0.954124563,0.837809382,0.411764706,2.320411724,0.49696645,27.33315474,0.618181818,1.130713567,0.177419322,4.612902384,0.461538462,1.250789897,49,13,-0.131518554,-6.444409155,0.204081633,1.529328941,0.0,0.322580645,1.648387097,51,1.0,31.0,2.741935484,85.0,-0.315720134,0.269230769,1.186999234,0.076709318,0.130434783,2.328098256,0.131995985,4.09187552,0.225806452,2.085162541,-0.585349149,-10.53628468,0.166666667,0.232383873,104,16,3727,,
400548175,San Diego State,38,Northern Arizona,7,consensus,,-17.5,San Diego State -17.5,2014,1,8/30/2014,False,67,11,0.264272292,17.70624359,0.582089552,0.981820652,0.875,0.083333333,3.294444444,119,1.027777778,37.0,1.666666667,60.0,0.326384845,0.666666667,0.871459687,0.06628853,0.3125,1.732275216,0.306593118,11.03735224,0.583333333,0.903108038,0.163001253,4.890037576,0.566666667,1.03216958,64,12,-0.020348535,-1.302306226,0.453125,1.000633766,0.666666667,0.264705882,2.573529412,88,0.852941176,29.0,0.529411765,18.0,-0.177699808,0.522727273,0.657288982,0.325824267,0.3,2.316788773,-0.130061672,-4.422096844,0.529411765,0.481165942,0.103993021,3.119790619,0.366666667,1.850672024,168,137,22909,,
400548007,Old Dominion,41,Hampton,28,consensus,,-22.0,Old Dominion -22,2014,1,8/30/2014,False,76,11,0.309049356,23.48775102,0.5,1.254962857,1.0,0.142857143,3.722857143,130,1.428571429,50.0,0.885714286,31.0,0.231043904,0.526315789,1.080770803,0.543065711,0.421052632,1.908183061,0.312661196,10.94314185,0.542857143,1.006332016,0.305966077,12.54460917,0.463414634,1.503593699,71,12,0.296633345,21.0609675,0.408450704,1.413033764,0.75,0.3,1.365,27,0.5,10.0,0.0,0.0,0.145703177,0.488888889,1.153037718,0.557858636,0.269230769,2.230164192,-0.262697148,-5.253942966,0.35,0.618230126,0.515978637,26.31491046,0.431372549,1.66592583,148,69,13947,,
400548006,Middle Tennessee,61,Savannah State,7,consensus,,-41.0,Middle Tennessee -41,2014,1,8/30/2014,False,65,10,0.499883491,32.49242691,0.630769231,1.210762326,1.0,0.195652174,3.080434783,142,1.195652174,55.0,0.760869565,35.0,0.527540383,0.679245283,1.101691351,0.37773222,0.416666667,1.996073351,0.298442565,13.72835798,0.608695652,0.903635517,0.987582575,18.76406893,0.684210526,1.872266222,65,14,-0.072724859,-4.727115829,0.323076923,0.953846808,1.0,0.15625,3.3625,108,1.125,36.0,0.53125,17.0,-0.007093089,0.428571429,0.775369404,-0.192574179,0.130434783,2.024711232,0.109680441,3.509774118,0.4375,0.848144088,-0.249602726,-8.236889947,0.212121212,1.165252249,110,170,19914,,
400548398,Auburn,45,Arkansas,21,consensus,,-21.0,Auburn -21,2014,1,8/30/2014,False,70,11,0.491162852,34.38139961,0.542857143,1.433769361,0.6,0.195652174,3.276086957,151,1.5,69.0,1.891304348,87.0,0.2576417,0.520833333,1.136872656,1.000663545,0.590909091,2.004724562,0.210189364,9.66871074,0.52173913,0.968229786,1.013934875,23.32050212,0.565217391,2.2964257,60,12,0.104903029,6.294181748,0.4,1.333565157,1.0,0.206896552,3.251724138,94,1.689655172,49.0,1.551724138,45.0,-0.100981347,0.473684211,1.011119744,0.460521498,0.272727273,2.300901398,0.150488923,4.364178775,0.482758621,0.966587731,0.06225816,1.930002973,0.322580645,1.847333554,15,11,2533,,
400547751,Duke,52,Elon,13,consensus,,-38.0,Duke -38,2014,1,8/30/2014,False,87,11,0.387418638,33.70542148,0.563218391,1.145080287,0.8,0.068181818,3.984090909,175,1.454545455,64.0,1.295454545,57.0,0.303546367,0.582089552,0.998306965,0.668390746,0.5,1.717496242,0.452785655,19.92256884,0.636363636,0.941098986,0.307622312,12.92013712,0.476190476,1.444772348,71,12,0.091948772,6.528362779,0.394366197,1.049039418,0.666666667,0.103448276,3.45862069,100,0.862068966,25.0,1.137931034,33.0,0.008080667,0.477272727,0.835712986,0.228622719,0.259259259,1.689018716,0.135440584,3.927776928,0.413793103,0.895600157,0.093826229,3.75304914,0.35,1.412740365,46,54,9782,,
400547825,Virginia Tech,34,William & Mary,9,consensus,,-23.0,Virginia Tech -23,2014,1,8/30/2014,False,74,12,0.329003977,24.34629427,0.5,1.060897702,0.571428571,0.170731707,3.175609756,130,1.073170732,44.0,1.512195122,62.0,0.175533035,0.534482759,0.770571219,0.88533614,0.375,2.560917864,0.144715467,5.933334163,0.43902439,0.843206858,0.660117536,20.46364361,0.548387097,1.536833824,53,11,-0.099320613,-5.263992484,0.320754717,0.872144716,0.0,0.291666667,2.266666667,54,0.916666667,22.0,1.666666667,40.0,0.0884098,0.448275862,0.968950478,-0.326161528,0.166666667,0.55752599,-0.068038159,-1.632915809,0.291666667,0.904219525,-0.14883247,-3.869644216,0.269230769,1.179765137,219,230,27604,,
400548096,Toledo,54,New Hampshire,20,consensus,,-10.5,Toledo -10.5,2014,1,8/30/2014,False,79,12,0.504777783,39.87744488,0.607594937,1.155521641,1.0,0.095238095,3.854761905,162,1.714285714,72.0,2.523809524,106.0,0.340053431,0.593220339,0.894318373,0.990714622,0.65,1.858761207,0.31436722,13.20342326,0.571428571,0.835438709,0.831607813,29.10627344,0.628571429,1.720307344,76,12,0.142534019,10.83258544,0.421052632,1.295741815,0.6,0.37037037,1.755555556,47,0.777777778,21.0,0.62962963,17.0,-0.133103649,0.387755102,1.013595501,0.642765342,0.481481481,1.708109505,-0.192199071,-5.189374912,0.259259259,0.986014634,0.326978783,16.02196035,0.510204082,1.382465426,198,125,21697,,
400548011,New Mexico,24,UTEP,31,consensus,,-6.5,New Mexico -6.5,2014,1,8/31/2014,False,61,11,0.286608284,17.48310529,0.442622951,1.534545663,0.4,0.224489796,3.475510204,170,1.857142857,91.0,4.163265306,204.0,0.424273313,0.477272727,1.609619526,-0.069701204,0.352941176,1.271787139,0.357693222,17.52696787,0.448979592,1.542910236,0.015900813,0.174908942,0.363636364,1.926869805,67,12,0.226163631,15.15296326,0.492537313,1.216869079,0.75,0.159090909,3.218181818,142,1.545454545,68.0,3.181818182,140.0,0.253428653,0.5625,1.116498405,0.157283575,0.315789474,1.66853711,0.282690221,12.43836973,0.522727273,1.214908112,0.166454608,3.662001371,0.409090909,1.462355653,126,212,21820,,
400547836,Texas,38,North Texas,7,consensus,,-26.5,Texas -26.5,2014,1,8/31/2014,False,73,15,0.166151241,12.12904057,0.410958904,1.232797604,0.666666667,0.162162162,2.618918919,97,0.756756757,28.0,1.945945946,72.0,0.138676386,0.468085106,1.00205786,0.215817324,0.307692308,1.8673319,0.211764435,7.835284112,0.405405405,1.14169006,0.131343104,4.597008627,0.4,1.44013067,60,14,-0.400359209,-24.02155253,0.3,0.543242123,0.8,0.205128205,2.512820513,98,0.358974359,14.0,,,-0.267765409,0.432432432,0.567827222,-0.613662278,0.086956522,0.346561335,0.011852237,0.462237243,0.435897436,0.552176477,-1.165894751,-24.48378977,0.047619048,0.391358114,192,136,22835,,
400548257,Oregon,62,South Dakota,13,consensus,,-51.0,Oregon -51,2014,1,8/31/2014,False,70,12,0.738931686,51.72521799,0.671428571,1.341350329,1.0,0.052631579,4.494736842,171,1.921052632,73.0,1.921052632,73.0,0.542342852,0.679245283,1.108755269,1.351826285,0.647058824,2.102570524,0.52003082,19.76117115,0.684210526,0.970279772,0.998876464,31.96404684,0.65625,1.800771018,75,12,-0.045969139,-3.447685412,0.36,1.241674617,0.0,0.2,3.048571429,107,0.885714286,31.0,1.371428571,48.0,0.0432478,0.367346939,1.052320332,-0.214108754,0.346153846,1.620383186,-0.023830036,-0.834051267,0.285714286,0.983866039,0.121226849,4.485393408,0.405405405,1.607286022,150,174,24098,,
400547643,East Carolina,52,North Carolina Central,7,consensus,,-39.0,East Carolina -39,2014,1,8/31/2014,False,74,13,0.487279102,36.05865358,0.567567568,1.295013927,0.5,0.115384615,4.273076923,111,1.730769231,45.0,3.653846154,95.0,0.54561451,0.589285714,1.211644007,0.305791167,0.5,1.600703632,0.563921494,14.66195885,0.653846154,1.124562648,0.463452125,21.78224987,0.510638298,1.48577396,52,13,-0.038596451,-2.007015455,0.307692308,0.8706058,0.666666667,0.111111111,2.92962963,79,0.62962963,17.0,0.074074074,2.0,-0.008263429,0.387096774,0.703200135,-0.08337377,0.19047619,1.372822797,-0.066620697,-1.798758831,0.37037037,0.435178439,-0.008330265,-0.208256624,0.24,1.596318069,48,133,10236,,
400548018,UT San Antonio,23,Arizona,26,consensus,,8.0,Arizona -8,2014,2,9/5/2014,False,72,14,0.132734546,9.556887278,0.402777778,1.228714244,0.5,0.333333333,2.522222222,91,1.0,36.0,0.611111111,22.0,-0.074754679,0.416666667,0.682847941,0.547712995,0.375,2.441750474,-0.025578186,-0.920814684,0.361111111,0.970922531,0.291047277,10.47770196,0.444444444,1.438170012,80,13,0.130734399,10.45875191,0.425,1.092203163,0.75,0.097560976,3.631707317,149,1.365853659,56.0,1.317073171,54.0,0.122200126,0.448979592,1.06031514,0.144224056,0.387096774,1.150664539,0.269467563,11.04817006,0.43902439,1.24269269,0.011865568,0.403429318,0.352941176,1.175198207,211,9,2280,40.49176866137794,16.926197207752022
400547729,Boston College,20,Pittsburgh,30,consensus,,-1.0,Boston College -1,2014,2,9/5/2014,False,62,14,0.035951722,2.229006746,0.322580645,1.488738414,1.0,0.193548387,2.570967742,80,1.258064516,39.0,1.806451613,56.0,-0.070474203,0.35,1.218528395,0.229453402,0.272727273,2.119228459,0.286741903,8.888998981,0.483870968,1.14114175,-0.214838459,-6.659992234,0.161290323,2.531528407,74,13,0.194194906,14.37042305,0.5,1.010069494,0.6,0.176470588,3.288235294,168,1.568627451,80.0,1.450980392,74.0,0.133350845,0.527272727,0.906368126,0.370322453,0.421052632,1.385986954,0.288996143,14.73880331,0.529411765,1.029229577,-0.065968869,-1.319377381,0.35,1.233196509,22,153,5069,43.81637455794275,15.00738172907596
400547953,Oregon,46,Michigan State,27,consensus,,-11.0,Oregon -11,2014,2,9/6/2014,False,69,15,0.352465395,24.32011229,0.405797101,1.59597624,0.5,0.108108108,3.056756757,113,1.054054054,39.0,1.972972973,73.0,0.280780728,0.477272727,1.313529741,0.478630411,0.28,2.443315737,0.290263208,10.73973871,0.405405405,1.304995207,0.469271084,14.54740362,0.387096774,2.173286388,84,15,0.137432416,11.54432292,0.476190476,1.106497054,0.666666667,0.21875,2.675,86,0.875,28.0,0.8125,26.0,0.088597633,0.543859649,0.930003613,0.240528068,0.333333333,1.714418905,-0.151706814,-4.854618042,0.4375,0.642713524,0.322303014,16.11515071,0.48,1.45742094,150,109,19769,43.28313534413074,17.54050788113495
400547803,NC State,46,Old Dominion,34,consensus,,-17.0,NC State -17,2014,2,9/6/2014,False,65,9,0.494296805,32.12929234,0.615384615,1.097177867,0.857142857,0.088235294,3.908823529,133,1.676470588,57.0,1.352941176,46.0,0.508560448,0.653061224,1.061533911,0.450614398,0.5,1.239753691,0.440535919,14.97822125,0.617647059,0.924519239,0.566285699,16.98857096,0.6,1.350539473,81,10,0.390847174,31.65862113,0.543209877,1.154163654,0.727272727,0.147058824,3.161764706,108,1.5,51.0,1.5,51.0,0.31008711,0.548387097,1.053969025,0.654380017,0.526315789,1.494825393,0.531519116,18.07164996,0.588235294,1.24583052,0.289084493,13.58697117,0.510638298,1.077774599,121,148,21201,35.669817570961705,15.891314323668611
400547656,Tulane,21,Georgia Tech,38,consensus,,10.5,Georgia Tech -10.5,2014,2,9/6/2014,False,57,11,0.01338746,0.763085227,0.368421053,1.619862914,1.0,0.19047619,2.952380952,62,1.095238095,23.0,0.666666667,14.0,-0.170777002,0.358974359,1.445013543,0.412410461,0.388888889,1.969561657,0.181332536,3.807983252,0.428571429,1.039834567,-0.084580501,-3.044898025,0.333333333,2.054884174,65,10,0.333266339,21.66231203,0.630769231,0.965470481,0.9,0.109090909,3.892727273,214,1.8,99.0,1.636363636,90.0,0.361483227,0.666666667,0.915860723,0.194747069,0.454545455,1.32266074,0.533308988,29.33199431,0.672727273,1.081393551,-0.714855196,-6.43369676,0.333333333,0.269571289,201,67,13667,45.2980210995396,23.367747130213
400548014,Louisiana,20,Louisiana Tech,48,consensus,,-16.0,Louisiana -16,2014,2,9/6/2014,False,76,14,0.092769277,7.050465033,0.421052632,1.167297784,0.833333333,0.15625,3.615625,116,1.3125,42.0,1.40625,45.0,0.212206713,0.528301887,1.100293789,-0.182456121,0.173913043,1.636325754,0.153987877,4.92761205,0.53125,0.933029738,0.048246659,2.122852983,0.340909091,1.43280157,69,12,0.421996579,29.11776398,0.420289855,1.737085173,0.666666667,0.242424242,2.615151515,86,1.090909091,36.0,4.121212121,136.0,0.115113352,0.409090909,1.29050955,0.96211106,0.44,2.467845284,0.384047238,12.67355886,0.393939394,1.85074064,0.491767769,16.72010415,0.411764706,1.899410052,96,98,18001,41.81666437211349,9.712853756280012
400548013,Alabama,41,Florida Atlantic,0,consensus,,-39.0,Alabama -39,2014,2,9/6/2014,False,72,10,0.489778521,35.2640535,0.611111111,1.081708821,0.5,0.125,3.746875,120,1.65625,53.0,1.0625,34.0,0.387387043,0.620689655,0.915582899,0.913971785,0.571428571,1.82927547,0.361322366,11.56231572,0.65625,0.768532336,0.671261478,25.50793615,0.552631579,1.58391464,42,8,-0.161962956,-6.80244414,0.261904762,0.843401337,0.666666667,0.19047619,2.795238095,59,0.428571429,9.0,1.0,21.0,-0.255356812,0.3,0.613648958,0.071521684,0.166666667,1.877287044,0.006323003,0.132783064,0.285714286,0.669009355,-0.330248914,-6.935227204,0.238095238,1.052671716,3,57,755,36.107719325411345,13.23875748640069
400548186,Auburn,59,San JosÃÂÃÂÃÂÃÂÃÂÃÂÃÂÃÂÃÂÃÂÃÂÃÂÃÂÃÂÃÂÃÂ© State,13,consensus,,-29.0,Auburn -29,2014,2,9/6/2014,False,74,12,0.428776856,31.72948737,0.608108108,1.015609816,0.9,0.1,3.9,195,1.74,87.0,2.08,104.0,0.354680769,0.642857143,0.869474128,0.659298017,0.5,1.60015257,0.503698983,25.18494914,0.66,0.989332445,0.34881734,8.022798814,0.47826087,1.321157421,79,13,0.042039506,3.321120959,0.291139241,1.487170413,1.0,0.268292683,1.407317073,58,0.829268293,34.0,0.780487805,32.0,0.026853887,0.372093023,1.482805369,0.060177884,0.194444444,1.497147658,-0.078920745,-3.235750554,0.243902439,1.301517844,0.22558966,8.121227742,0.305555556,2.068554299,15,169,3573,38.612990196996485,15.103807743736732
400548102,Toledo,24,Missouri,49,consensus,,5.5,Missouri -5.5,2014,2,9/6/2014,False,77,15,0.07871995,6.061436138,0.38961039,1.351131342,0.8,0.2,2.196666667,66,1.166666667,35.0,3.033333333,91.0,0.125591319,0.511111111,1.094936519,0.012807087,0.21875,2.192914329,0.06867134,2.060140209,0.433333333,1.045431541,0.064797463,2.980683291,0.347826087,1.620169849,80,17,0.35208582,28.16686558,0.45,1.349527345,0.714285714,0.2,2.964444444,133,1.133333333,51.0,0.377777778,17.0,0.317384117,0.50877193,1.13525051,0.438085691,0.304347826,2.23724566,0.037159753,1.672188872,0.4,0.820446011,0.756990763,26.4946767,0.514285714,1.878608679,198,114,20432,44.02417001572892,20.984752912242
400547650,South Carolina,33,East Carolina,23,consensus,,-15.5,South Carolina -15.5,2014,2,9/6/2014,False,80,9,0.232510269,18.60082148,0.525,0.804157292,1.0,0.131578947,3.334210526,127,0.710526316,27.0,0.684210526,26.0,0.142675175,0.568965517,0.632742049,0.469348242,0.409090909,1.432679851,0.224711305,8.539029575,0.447368421,0.93462892,0.297742169,11.31420241,0.552631579,0.911348816,70,10,0.260117777,18.20824438,0.557142857,0.964784435,1.0,0.19047619,3.266666667,69,0.904761905,19.0,1.80952381,38.0,0.308320708,0.638297872,0.886919401,0.161616135,0.391304348,1.224334549,0.285382025,5.993022533,0.428571429,1.091466718,0.308448912,14.18864997,0.586956522,1.102845209,172,48,10275,34.303086543809684,20.416272031910744
400548101,Florida,65,Eastern Michigan,0,consensus,,-38.0,Florida -38,2014,2,9/6/2014,False,88,15,0.38405915,33.79720516,0.488636364,1.315760308,0.777777778,0.179487179,3.264102564,127,1.282051282,50.0,2.512820513,98.0,0.452373412,0.527272727,1.447751042,0.270202045,0.424242424,1.04235093,0.246851712,9.627216762,0.487179487,1.27292467,0.555912578,25.57197859,0.456521739,1.609243558,53,16,-0.293062587,-15.53231712,0.339622642,0.747545952,0.5,0.206896552,2.979310345,86,0.931034483,27.0,0.517241379,15.0,-0.423292795,0.351351351,0.517640729,0.008094768,0.3125,1.34529953,-0.017746899,-0.514660084,0.448275862,0.713009423,-0.62573571,-15.01765703,0.208333333,0.837340925,55,52,10896,48.406209681825246,21.5622418231044
400548182,Utah,59,Fresno State,27,consensus,,-7.5,Utah -7.5,2014,2,9/6/2014,False,82,15,0.357434391,29.3096201,0.487804878,1.306500081,0.625,0.153846154,3.646153846,190,1.442307692,75.0,0.769230769,40.0,0.232743734,0.542372881,1.042240832,0.677293034,0.347826087,2.363537076,0.124351557,6.46628098,0.519230769,0.711617854,0.722342083,20.94792041,0.413793103,2.595908538,79,16,0.106564292,8.418579048,0.417721519,1.187773115,0.75,0.25,2.446875,78,0.78125,25.0,0.5,16.0,0.054489241,0.5,0.988704084,0.250390623,0.19047619,2.631023595,0.005396919,0.172701401,0.4375,0.725005285,0.175444205,8.245877647,0.404255319,1.528759937,213,61,12656,47.192566908977284,21.899891681954433
400547976,Northwestern,15,Northern Illinois,23,consensus,,-2.5,Northwestern -2.5,2014,2,9/6/2014,False,78,12,-0.038619734,-3.012339268,0.294871795,1.586687207,1.0,0.176470588,2.397058824,82,0.617647059,21.0,0.088235294,3.0,-0.276602686,0.3125,1.25315386,0.342152988,0.266666667,2.212062232,-0.207413128,-7.052046361,0.235294118,0.83580367,0.091811525,4.039707093,0.340909091,1.987158427,79,13,0.207113969,16.36200357,0.367088608,1.504811325,0.666666667,0.222222222,2.542592593,137,1.055555556,57.0,0.981481481,53.0,-0.042946752,0.34,0.975557918,0.638253144,0.413793103,2.254586986,0.082356729,4.447263379,0.333333333,1.246524099,0.514121028,12.33890468,0.416666667,2.162625914,141,139,23075,38.43170085491294,4.106177226833511
400547654,South Florida,17,Maryland,24,consensus,,10.0,Maryland -10,2014,2,9/6/2014,False,76,14,-0.142242096,-10.81039926,0.25,1.391102104,1.0,0.4,1.274285714,45,0.942857143,33.0,0.685714286,24.0,-0.319134232,0.228571429,1.026792885,0.008763387,0.268292683,1.656054263,-0.147601874,-5.166065575,0.228571429,1.46264952,0.035022081,1.36586114,0.256410256,1.48614823,66,14,-0.115003002,-7.590198142,0.424242424,0.934827567,0.4,0.277777778,1.630555556,59,0.944444444,34.0,0.055555556,2.0,-0.064940101,0.489795918,0.763330734,-0.259301952,0.235294118,1.963808565,-0.306681029,-11.04051705,0.388888889,0.542415158,0.154053007,4.467537196,0.448275862,1.50758292,176,102,18892,39.984975383976625,17.723145734872897
400548184,Nevada,24,Washington State,13,consensus,,3.0,Washington State -3,2014,2,9/6/2014,False,77,13,0.095785896,7.37551396,0.415584416,0.984812152,0.888888889,0.236363636,2.481818182,137,0.836363636,46.0,1.127272727,62.0,0.090103256,0.490196078,0.860244563,0.106932612,0.269230769,1.429696402,0.032115262,1.766339431,0.436363636,0.871645049,0.260683427,5.474351975,0.333333333,1.494240735,77,13,0.040909138,3.150003602,0.480519481,0.969981656,0.5,0.285714286,2.857142857,40,1.5,21.0,1.785714286,25.0,-0.052704457,0.547169811,0.827272969,0.247639159,0.333333333,1.487300643,0.134448396,1.882277547,0.5,0.919992583,0.02416955,1.474342525,0.459016393,1.059142487,124,223,21612,28.861259520516565,12.520682147735208
400547961,Minnesota,35,Middle Tennessee,24,consensus,,-14.0,Minnesota -14,2014,2,9/6/2014,False,59,12,0.20100475,11.85928027,0.457627119,1.16806856,0.8,0.104166667,3.520833333,169,1.229166667,59.0,1.729166667,83.0,0.173896768,0.5,1.061212369,0.296925302,0.307692308,1.782491664,0.294144696,14.11894542,0.458333333,1.210183443,-0.205424104,-2.259665146,0.454545455,0.982763076,82,14,0.076104943,6.240605354,0.353658537,1.515921994,0.5,0.268292683,2.26097561,93,0.902439024,37.0,1.780487805,73.0,0.002045485,0.352941176,1.061077128,0.197944698,0.35483871,2.260213595,0.038547075,1.580430092,0.292682927,1.427751174,0.141934839,5.677393549,0.4,1.740371377,111,110,19855,50.630113394804354,21.7579081210409
400548099,UMass,38,Colorado,41,consensus,,17.0,Colorado -17,2014,2,9/6/2014,False,69,14,0.15008566,10.35591053,0.405797101,1.332602366,0.714285714,0.137931034,3.134482759,91,1.206896552,35.0,1.655172414,48.0,0.192705471,0.488372093,1.255892028,0.079599049,0.269230769,1.562733382,0.254371565,7.376775387,0.482758621,1.112716969,0.087771886,3.423103569,0.333333333,1.706061317,91,15,0.253462288,23.06506817,0.395604396,1.429140029,0.75,0.2,2.277777778,103,0.822222222,37.0,1.355555556,61.0,0.171535799,0.438596491,1.184935029,0.390809635,0.323529412,1.984151393,0.058147092,2.616619143,0.311111111,1.312695671,0.470965111,20.7224649,0.454545455,1.667265876,207,40,8786,37.77260389903609,16.700596471314714
400548017,Mississippi State,47,UAB,34,consensus,,-28.5,Mississippi State -28.5,2014,2,9/6/2014,False,88,17,0.226544625,19.93592697,0.477272727,1.114054024,1.0,0.157894737,3.322807018,189,1.263157895,72.0,0.824561404,47.0,0.209529256,0.575757576,0.962928706,0.277590731,0.181818182,2.549744539,0.262271145,14.94945526,0.526315789,0.828017062,0.160853926,4.986471707,0.387096774,1.829146427,79,18,0.126296976,9.977461113,0.35443038,1.798051665,1.0,0.292682927,2.143902439,88,0.853658537,35.0,0.731707317,30.0,0.055995628,0.413043478,1.292633993,0.224292795,0.272727273,2.86504453,-0.161188734,-6.608738076,0.317073171,0.825018833,0.411899679,14.82838843,0.361111111,2.912491619,112,203,20194,40.46623872617192,16.032030104555982
400547905,Illinois,42,Western Kentucky,34,consensus,,-1.5,Illinois -1.5,2014,2,9/6/2014,False,84,14,0.002308602,0.193922535,0.476190476,1.269031995,0.555555556,0.428571429,-1.957142857,-69,0.514285714,18.0,0.4,14.0,-0.293780513,0.423728814,0.840961439,0.701078912,0.6,1.982482921,-0.847049999,-29.64674997,0.342857143,0.834175671,0.608993316,29.8406725,0.571428571,1.455398991,79,13,0.054766838,4.326580199,0.405063291,1.207776623,0.333333333,0.137931034,2.679310345,78,0.965517241,28.0,1.068965517,31.0,0.145958102,0.446428571,1.115929845,-0.167264065,0.304347826,1.535800832,0.22241081,6.449913476,0.310344828,1.341385562,-0.024852709,-1.192930052,0.4375,1.30984691,77,228,15319,46.65920580336835,18.904717707025135
400548396,Tennessee,34,Arkansas State,19,consensus,,-14.5,Tennessee -14.5,2014,2,9/6/2014,False,85,14,0.172329584,14.64801463,0.423529412,1.104686681,1.0,0.186046512,3.225581395,139,0.837209302,36.0,0.302325581,13.0,0.024278604,0.464285714,0.667878328,0.458221131,0.344827586,2.240388397,0.060773474,2.613259361,0.418604651,0.721751403,0.346956984,13.87827936,0.4,1.788794959,78,14,0.076879423,5.99659502,0.423076923,1.081235283,0.25,0.282051282,2.371794872,93,0.897435897,35.0,0.641025641,25.0,-0.121222783,0.461538462,0.706475322,0.473083836,0.346153846,2.080595179,0.044103802,1.72004829,0.435897436,0.864479658,0.109655044,4.27654673,0.41025641,1.311538133,189,12,2930,35.317367874991604,21.385172198371937
400547843,Iowa State,28,Kansas State,32,consensus,,15.5,Kansas State -15.5,2014,2,9/6/2014,False,70,12,0.115494251,8.08459758,0.428571429,1.188614611,0.428571429,0.222222222,2.222222222,80,0.916666667,33.0,0.111111111,4.0,0.011354946,0.408163265,1.072080777,0.358485964,0.476190476,1.421682277,-0.121318463,-4.36746465,0.333333333,1.041368869,0.366237124,12.45206223,0.529411765,1.286778438,72,13,0.27496131,19.7972143,0.527777778,1.026498774,0.75,0.153846154,3.843589744,150,1.435897436,56.0,1.230769231,48.0,0.246275664,0.612244898,0.939002377,0.336074208,0.347826087,1.354610261,0.308315147,12.02429074,0.58974359,0.953441168,0.248749456,7.711233147,0.419354839,1.308932009,83,88,16106,35.49167769563643,16.171021711070107
400547657,Tulsa,7,Oklahoma,52,consensus,,23.0,Oklahoma -23,2014,2,9/6/2014,False,83,15,-0.10034047,-8.328259051,0.409638554,0.89331367,1.0,0.129032258,3.322580645,103,0.774193548,24.0,0.193548387,6.0,-0.124618339,0.5,0.794254466,-0.049986373,0.222222222,1.355589954,0.078336405,2.428428568,0.483870968,0.616042963,-0.206859377,-10.75668762,0.365384615,1.112211597,70,14,0.446251175,31.23758223,0.485714286,1.541067283,1.0,0.066666667,4.076666667,122,1.633333333,49.0,4.233333333,127.0,0.320713864,0.510638298,1.325193627,0.702783939,0.434782609,2.059164058,0.520720101,15.62160302,0.466666667,1.483834011,0.408345529,15.92547563,0.487179487,1.680637258,202,146,23780,42.97925389118656,23.619477044985832
400547841,West Virginia,54,Towson,0,consensus,,-28.5,West Virginia -28.5,2014,2,9/6/2014,False,97,13,0.319431111,30.98481772,0.608247423,0.876317257,0.8,0.12,3.4,170,1.18,59.0,1.18,59.0,0.320043869,0.635294118,0.830494578,0.315090737,0.416666667,1.371202191,0.284261509,14.21307543,0.52,0.880131426,0.389573687,17.9203896,0.695652174,0.936498388,53,13,-0.205563827,-10.89488281,0.188679245,1.320580334,1.0,0.24,2.256,56,0.24,6.0,0.2,5.0,-0.378836761,0.230769231,0.645478805,-0.038708408,0.148148148,2.333232627,-0.245353124,-6.133828102,0.2,0.526801528,-0.099987474,-2.69966179,0.185185185,2.114359139,225,199,27089,38.025279027500666,12.993379519692292
400547846,Texas,7,BYU,41,consensus,,-4.5,Texas -4.5,2014,2,9/6/2014,False,64,13,-0.046363399,-2.967257512,0.3125,1.103065868,0.666666667,0.258064516,2.122580645,66,0.741935484,23.0,0.387096774,12.0,-0.046464037,0.375,0.924608097,-0.046195668,0.208333333,1.63843918,-0.129133391,-4.00313512,0.258064516,1.005132784,0.031390231,1.035877608,0.363636364,1.168354591,88,16,0.107623321,9.470852242,0.477272727,0.982556797,0.9,0.245283019,3.022641509,160,1.301886792,69.0,1.264150943,67.0,-0.058611541,0.45,0.80251009,0.463840883,0.535714286,1.30664087,0.24632363,13.05515236,0.452830189,1.124923658,-0.064832583,-2.139475238,0.484848485,0.982127661,192,17,4033,46.01959277263886,10.783490147519698
400548394,LSU,56,Sam Houston State,0,consensus,,-33.0,LSU -33,2014,2,9/6/2014,False,69,13,0.37877621,26.13555851,0.507246377,1.340210283,0.8,0.188679245,3.420754717,181,1.339622642,71.0,2.018867925,107.0,0.178157964,0.529411765,0.962897486,0.947194575,0.444444444,2.613640974,0.247005952,13.09131545,0.509433962,1.067775548,0.815265191,13.04424306,0.5,2.259677512,64,14,-0.260665274,-16.68257756,0.296875,1.056577501,0.6,0.206896552,2.765517241,80,0.931034483,27.0,0.0,0.0,-0.260326034,0.380952381,1.114351663,-0.261312914,0.136363636,0.748448635,-0.019126888,-0.554679748,0.379310345,0.737112479,-0.46079708,-16.12789781,0.228571429,1.495841905,91,165,17363,35.87052558755031,20.490488295853844
400548397,Texas A&M,73,Lamar,3,consensus,,-44.5,Texas A&M -44.5,2014,2,9/6/2014,False,78,14,0.509594602,39.74837899,0.641025641,1.230477781,0.909090909,0.166666667,3.241666667,117,1.444444444,52.0,2.138888889,77.0,0.363626332,0.641791045,1.015190842,1.398674068,0.636363636,2.552954692,0.416392842,14.99014232,0.694444444,0.955220098,0.631875219,25.90688397,0.585365854,1.616334745,81,15,-0.137590156,-11.14480262,0.259259259,1.325586502,0.571428571,0.342857143,1.731428571,61,0.714285714,25.0,0.171428571,6.0,-0.483279071,0.261904762,0.765561141,0.234690214,0.256410256,1.941614399,-0.056336934,-1.971792692,0.342857143,0.97826609,-0.179763477,-8.089356474,0.177777778,2.147722116,193,93,17676,32.90177067543977,12.732214086453064
400548103,Kentucky,20,Ohio,3,consensus,,-6.0,Kentucky -6,2014,2,9/6/2014,False,85,12,0.113654494,9.660632007,0.447058824,1.155558786,0.75,0.191489362,3.157446809,148,1.340425532,63.0,1.574468085,74.0,-0.05413121,0.446428571,0.852838234,0.437654475,0.448275862,1.737713695,0.153011147,7.191523924,0.510638298,0.938531231,0.003747747,0.134918894,0.333333333,1.587691263,60,12,-0.049131023,-2.947861406,0.35,1.05410571,0.666666667,0.307692308,1.911538462,50,1.038461538,27.0,0.5,13.0,-0.23598337,0.405405405,0.813942196,0.251457534,0.260869565,1.654514493,-0.050542524,-1.31410562,0.384615385,0.914746815,-0.051214777,-1.690087637,0.303030303,1.293241991,90,144,17198,43.61728469934273,20.930010966869744
400547944,Notre Dame,31,Michigan,0,consensus,,-6.0,Notre Dame -6,2014,2,9/6/2014,False,66,12,0.144168013,9.515088889,0.439393939,1.054948953,0.833333333,0.2,1.863333333,56,0.3,9.0,0.133333333,4.0,0.119756693,0.510638298,0.862700466,0.204553911,0.263157895,1.977741689,-0.170116805,-5.103504139,0.333333333,0.265664584,0.359234899,12.57322145,0.514285714,1.438416789,66,12,-0.013134769,-0.866894772,0.393939394,1.105961297,0.666666667,0.21875,2.315625,74,1.1875,38.0,0.25,8.0,-0.087756944,0.43902439,0.822118971,0.109245598,0.32,1.744606529,-0.029175466,-0.933614914,0.375,0.900519692,0.001962357,0.066720142,0.411764706,1.282054101,143,108,19636,34.05254625263767,19.040841042976552
400548411,Louisiana Monroe,38,Idaho,31,consensus,,-14.0,Louisiana Monroe -14,2014,2,9/6/2014,False,82,15,0.189512103,15.53999245,0.414634146,1.379960821,0.75,0.205882353,2.95,100,1.205882353,41.0,1.088235294,37.0,0.12183139,0.469387755,1.180592631,0.290007708,0.333333333,1.796821583,0.080034755,2.721181667,0.470588235,0.953371015,0.283089143,13.30518972,0.361702128,1.891241801,83,16,0.184051728,15.27629346,0.421686747,1.265771926,1.0,0.21875,3.10625,99,1.25,40.0,0.59375,19.0,-0.017938398,0.44,1.019697261,0.490097375,0.393939394,1.682205975,0.115867538,3.707761209,0.4375,0.88372689,0.241379103,12.06895513,0.4,1.621513193,97,75,14871,32.59655113187895,5.4905884882594815
400548185,New Mexico,23,Arizona State,58,consensus,,27.0,Arizona State -27,2014,2,9/6/2014,False,66,15,0.062445694,4.121415802,0.333333333,1.457037963,0.5,0.296296296,2.368518519,128,1.0,54.0,0.796296296,43.0,-0.069948503,0.390243902,1.067361564,0.279572177,0.24,2.496175025,-0.113402972,-6.123760505,0.296296296,1.089037504,0.853764692,10.24517631,0.5,2.438372518,69,14,0.549303697,37.90195509,0.608695652,1.230567119,0.777777778,0.086956522,3.832608696,176,1.760869565,81.0,4.152173913,191.0,0.568283772,0.636363636,1.241169086,0.474739118,0.5,1.177557288,0.59240063,27.25042897,0.673913043,1.154271334,0.525243714,11.55536171,0.454545455,1.680524324,126,10,2420,41.67575492787738,25.255320871036048
400547752,Troy,17,Duke,34,consensus,,18.0,Duke -18,2014,2,9/6/2014,False,78,12,0.128298802,10.00730658,0.461538462,1.017609578,0.7,0.15,2.9125,117,1.175,47.0,0.575,23.0,0.183094048,0.534482759,0.95766622,-0.030607412,0.25,1.389258399,0.111245293,4.44981174,0.5,0.841468504,0.164142056,6.073256063,0.405405405,1.354689064,85,11,0.193139296,16.41684016,0.482352941,1.142573021,1.0,0.102564103,3.307692308,129,1.0,39.0,0.564102564,22.0,0.256071264,0.545454545,1.01773372,0.077764022,0.366666667,1.48304384,0.072976376,2.846078683,0.461538462,0.899865046,0.311733443,13.71627151,0.477272727,1.466353956,200,46,9928,43.89187680146166,20.69009647890193
400548395,Vanderbilt,3,Ole Miss,41,consensus,,14.0,Ole Miss -14,2014,2,9/6/2014,False,51,10,-0.338681377,-17.27275025,0.274509804,0.94001,0.0,0.208333333,3.208333333,77,1.291666667,31.0,0.916666667,22.0,-0.602959546,0.28125,0.756506999,0.106418695,0.263157895,1.270315402,-0.018007073,-0.432169745,0.333333333,0.841736779,-0.624682281,-16.2417393,0.192307692,1.405017396,88,9,0.313821132,27.61625962,0.590909091,0.987156101,0.8,0.155555556,3.106666667,140,1.111111111,50.0,0.6,27.0,0.307577996,0.602941176,0.984118023,0.335047796,0.55,0.998479846,0.184209513,8.289428101,0.555555556,0.781331879,0.490151542,20.09621323,0.609756098,1.30272808,216,149,24055,36.00482570162271,10.219542692156228
400548260,Stanford,10,USC,13,consensus,,-4.0,Stanford -4,2014,2,9/6/2014,False,68,8,0.178440009,12.13392059,0.5,0.957482789,0.571428571,0.142857143,2.5,88,1.0,35.0,0.514285714,18.0,0.224133502,0.58,0.915631428,0.051513638,0.277777778,1.200220684,-0.071554217,-2.50439761,0.371428571,0.820761669,0.461036625,14.75317199,0.625,1.099968347,61,10,0.082775735,5.049319862,0.393442623,1.148071818,0.666666667,0.171428571,2.851428571,100,1.028571429,36.0,1.457142857,51.0,-0.025347451,0.425,0.923917742,0.288724663,0.333333333,1.692446005,0.014224458,0.497856035,0.314285714,1.044190649,0.193865843,4.652780228,0.458333333,1.469903901,183,209,26377,37.36231822141452,5.054682653781098
400547929,Iowa,17,Ball State,13,consensus,,-17.5,Iowa -17.5,2014,2,9/6/2014,False,84,13,0.095367764,8.010892198,0.452380952,1.068936713,0.75,0.178571429,1.696428571,48,1.107142857,31.0,0.464285714,13.0,-0.015557999,0.482142857,0.95110851,0.317219291,0.392857143,1.358151394,-0.383943428,-10.75041598,0.392857143,0.57508993,0.356741842,19.62080132,0.472727273,1.352042269,68,13,-0.064077732,-4.357285785,0.308823529,0.887661489,0.333333333,0.352941176,2.229411765,76,0.735294118,25.0,0.264705882,9.0,-0.195037866,0.384615385,0.606522093,0.112041069,0.206896552,1.59050998,-0.098239203,-3.340132907,0.264705882,0.813207641,-0.057652966,-1.844894919,0.3125,1.049428046,82,18,4140,38.694806692156476,16.274850541920042
400548098,Army,47,Buffalo,39,consensus,,1.0,Buffalo -1,2014,2,9/6/2014,False,59,13,0.500542515,29.53200836,0.457627119,1.723056099,0.571428571,0.137254902,3.031372549,155,0.725490196,37.0,2.960784314,151.0,0.348902332,0.468085106,1.361541724,1.094466564,0.416666667,3.313719347,0.442556376,22.57037516,0.431372549,1.701721093,0.870204151,6.961633206,0.625,1.816930123,80,14,0.338938461,27.11507691,0.6,0.961217098,1.0,0.24137931,3.427586207,99,1.620689655,47.0,0.724137931,21.0,0.337409007,0.606060606,1.021714813,0.346148746,0.571428571,0.658728522,0.131332332,3.808637619,0.551724138,0.723946623,0.485076943,24.25384714,0.62,1.145247825,14,26,3210,38.039329905753036,14.703976111967393
400547994,Rutgers,38,Howard,25,consensus,,-36.5,Rutgers -36.5,2014,2,9/6/2014,False,60,14,0.168797052,10.1278231,0.433333333,1.348497111,1.0,0.277777778,1.636111111,59,0.916666667,33.0,0.305555556,11.0,0.215609693,0.511627907,1.101317641,0.050388605,0.235294118,2.707984195,-0.187680334,-6.756492012,0.388888889,0.773213691,0.640681065,14.73566448,0.47826087,2.00793478,70,14,0.295205539,20.66438771,0.4,1.48827326,1.0,0.125,3.87,155,1.675,67.0,2.675,107.0,0.129720036,0.441860465,1.116981348,0.558756525,0.333333333,2.272111741,0.530311809,21.21247238,0.425,1.682597394,-0.018269489,-0.548084668,0.366666667,1.187954144,162,74,14776,42.69058090307777,8.482967602152442
400548015,Marshall,48,Rhode Island,7,consensus,,-41.0,Marshall -41,2014,2,9/6/2014,False,81,15,0.405677449,32.85987337,0.543209877,1.316236841,0.714285714,0.133333333,3.851111111,173,1.733333333,78.0,4.4,198.0,0.513919814,0.619047619,1.25973492,0.026829173,0.277777778,1.756951827,0.57588477,25.91481463,0.577777778,1.478353006,0.255479303,8.686296303,0.470588235,1.326155027,67,15,-0.125375324,-8.400146717,0.23880597,1.049957359,0.0,0.315789474,1.363157895,52,0.394736842,15.0,0.0,0.0,-0.030986343,0.375,0.941096357,-0.265210852,0.037037037,2.6828724,-0.320806534,-12.19064829,0.210526316,0.659633746,0.130706951,3.790501573,0.275862069,1.440280973,101,158,18741,37.217557611787534,16.270875823030227
400547787,Miami,41,Florida A&M,7,consensus,,-46.5,Miami -46.5,2014,2,9/6/2014,False,65,14,0.159220903,10.34935872,0.507692308,1.14001382,1.0,0.125,4.065625,130,1.84375,59.0,2.09375,67.0,0.246770237,0.590909091,1.066604998,-0.024215796,0.333333333,1.412675156,0.220621662,7.059893195,0.5625,1.049977428,0.169209605,5.245497747,0.419354839,1.590530351,50,12,-0.165651604,-8.282580221,0.16,1.490776902,0.5,0.366666667,1.506666667,45,0.033333333,1.0,,,-0.284037773,0.208333333,0.682899182,-0.056372064,0.115384615,2.837239768,-0.271765454,-8.152963632,0.133333333,0.658313902,-0.006480829,-0.12961659,0.2,2.323239902,106,56,11669,42.01537803237265,15.028083494084463
400547847,Kansas,34,Southeast Missouri State,28,consensus,,-25.0,Kansas -25,2014,2,9/6/2014,False,75,15,0.137249276,10.29369571,0.413333333,1.320531395,0.5,0.170212766,3.155319149,148,1.446808511,68.0,1.893617021,89.0,0.032676259,0.448979592,1.058814565,0.334329194,0.346153846,1.960283645,0.067337518,3.164863328,0.404255319,1.028749412,0.249459487,6.485946673,0.384615385,2.074734869,62,14,0.337056571,20.89750741,0.274193548,2.133417147,1.0,0.228571429,2.491428571,87,0.742857143,26.0,0.542857143,19.0,0.029068092,0.272727273,1.59274329,0.68752622,0.275862069,2.741675237,0.028478879,0.996760751,0.257142857,1.130282807,0.737064691,19.90074665,0.296296296,3.26194328,87,177,16793,47.03816175751622,7.945114757295932
400548410,Georgia Southern,83,Savannah State,9,consensus,,-42.0,Georgia Southern -42,2014,2,9/6/2014,False,57,13,0.961762642,54.82047061,0.771929825,1.328119517,1.0,0.0,4.980769231,259,2.057692308,107.0,4.730769231,246.0,0.948036525,0.777777778,1.30713307,1.208832759,0.666666667,1.768834919,0.920497429,47.8658663,0.788461538,1.250643611,1.390920861,6.954604307,0.6,2.386956908,73,13,0.105493876,7.701052936,0.356164384,1.18625873,1.0,0.206896552,2.506896552,73,0.965517241,28.0,0.517241379,15.0,-0.071325546,0.41025641,0.680642509,0.308316154,0.294117647,1.995244683,0.055652533,1.613923454,0.344827586,0.930174249,0.104449352,4.491322127,0.348837209,1.329678475,65,170,13299,50.91215405347524,10.205736410504834
400547763,Florida State,37,The Citadel,12,consensus,,-58.5,Florida State -58.5,2014,2,9/6/2014,False,70,9,0.391139231,27.37974617,0.7,0.715103036,0.888888889,0.142857143,3.757142857,132,1.714285714,60.0,1.085714286,38.0,0.465121421,0.736842105,0.800608356,0.066755781,0.538461538,0.202071112,0.301391565,10.54870479,0.685714286,0.637823567,0.609569849,19.50623516,0.6875,1.018521678,70,9,0.118575716,8.300300085,0.371428571,1.464397273,0.6,0.160714286,2.942857143,165,1.089285714,61.0,0.714285714,40.0,-0.225070823,0.333333333,0.844321161,0.737139485,0.44,2.309955607,0.089481324,5.010954118,0.375,1.303562195,0.234953283,3.289345968,0.357142857,2.139904599,59,197,12291,29.637127556885133,3.707873825697437
400547842,Baylor,70,Northwestern State,6,consensus,,-47.5,Baylor -47.5,2014,2,9/6/2014,False,77,12,0.684905543,52.7377268,0.558441558,1.597543823,0.857142857,0.142857143,3.657142857,179,1.408163265,69.0,0.428571429,21.0,0.589957595,0.568965517,1.427614449,0.974746648,0.526315789,2.158310755,0.376319226,18.43964207,0.551020408,0.993042288,1.224931598,34.29808474,0.571428571,2.617640163,62,14,-0.157085393,-9.739294344,0.241935484,0.974143878,0.0,0.184210526,2.197368421,84,0.289473684,11.0,0.184210526,7.0,-0.144677321,0.27027027,1.089839636,-0.175449338,0.2,0.742752363,-0.267494463,-10.16478959,0.131578947,1.031136762,0.082563443,1.816395751,0.363636364,1.355921859,19,142,4416,36.42421868391469,19.769220241641456
400547741,Clemson,73,South Carolina State,7,consensus,,-29.5,Clemson -29.5,2014,2,9/6/2014,False,95,15,0.389486972,37.00126231,0.568421053,1.094744068,0.857142857,0.102040816,3.481632653,171,1.469387755,72.0,1.142857143,56.0,0.42696938,0.647887324,1.023489049,0.278601514,0.333333333,1.504460429,0.331802148,16.25830527,0.510204082,1.086446971,0.53000537,22.79023092,0.604651163,1.307779972,53,14,-0.474404824,-25.14345568,0.113207547,1.666304433,0.0,0.434782609,0.42173913,10,0.826086957,19.0,1.434782609,33.0,-0.654403956,0.095238095,1.080510841,-0.356280394,0.125,1.959201229,-0.196215364,-4.512953374,0.173913043,1.706240434,-0.655859911,-19.01993743,0.068965517,1.586432432,37,173,8164,37.31766289214872,17.685162854827624
400547821,Virginia,45,Richmond,13,consensus,,-18.5,Virginia -18.5,2014,2,9/6/2014,False,64,12,0.211901616,13.56170344,0.40625,1.112285444,1.0,0.025641026,3.494871795,136,0.871794872,34.0,0.153846154,6.0,0.179527443,0.407407407,0.934388247,0.386722152,0.4,2.090720025,0.132250761,5.157779698,0.384615385,0.824853261,0.395665816,9.495979577,0.416666667,1.763867846,78,14,0.069977377,5.458235426,0.397435897,1.288657336,0.4,0.307692308,0.903846154,24,0.615384615,16.0,1.5,39.0,-0.133838589,0.42,1.053655457,0.43393446,0.357142857,1.782161282,-0.334898632,-8.707364427,0.269230769,1.254742606,0.305085245,15.25426227,0.44,1.466083709,218,160,24937,41.73946634400954,12.38288867402998
400548393,Arkansas,73,Nicholls,7,consensus,,-40.5,Arkansas -40.5,2014,2,9/6/2014,False,54,13,0.882473524,47.6535703,0.722222222,1.374826708,1.0,0.025,4.845,194,2.175,87.0,5.85,234.0,0.950505373,0.755555556,1.409742563,0.542314279,0.555555556,1.137398891,0.860406973,34.41627892,0.75,1.278573938,1.091130709,14.18469922,0.615384615,2.026053913,71,14,-0.117262593,-8.325644131,0.281690141,1.233898316,0.5,0.272727273,1.118181818,25,0.727272727,16.0,1.0,22.0,-0.210614454,0.395348837,0.969899251,0.026099192,0.107142857,2.729893015,-0.439158009,-9.661476198,0.227272727,0.533277513,0.027261879,1.335832067,0.306122449,1.467438584,11,128,2646,46.36087835429407,20.7260032902785
400547830,Wake Forest,23,Gardner-Webb,7,consensus,,-21.5,Wake Forest -21.5,2014,2,9/6/2014,False,78,11,0.030709481,2.395339482,0.5,0.776105477,0.8,0.2,2.297142857,80,0.457142857,16.0,0.228571429,8.0,0.07239808,0.517857143,0.729758594,-0.075406955,0.454545455,0.910511439,-0.071385199,-2.498481965,0.314285714,0.631269073,0.162504455,6.500178194,0.625,0.997220423,48,10,-0.157300695,-7.550433363,0.1875,1.453592451,0.0,0.357142857,1.760714286,49,0.892857143,25.0,1.142857143,32.0,-0.099898212,0.260869565,1.07596034,-0.210110979,0.12,2.208856672,-0.051655149,-1.446344178,0.25,1.525366111,-0.305204459,-6.104089185,0.1,1.20238464,221,63,13009,40.86081682874093,13.798731224785914
400548016,Southern Mississippi,26,Alcorn State,20,consensus,,-18.0,Southern Mississippi -18,2014,2,9/6/2014,False,79,13,0.039561742,3.12537763,0.379746835,1.209544757,0.5,0.292682927,2.363414634,97,1.146341463,47.0,1.951219512,80.0,-0.063543583,0.428571429,0.94349583,0.207967107,0.3,1.830325586,-0.126525016,-5.187525644,0.365853659,1.03928563,0.223401113,7.595637846,0.323529412,1.816344802,58,12,0.22572311,13.09194037,0.379310345,1.491375786,1.0,0.193548387,3.187096774,99,1.419354839,44.0,5.322580645,165.0,0.363148517,0.463414634,1.498222963,-0.105714637,0.176470588,1.44801033,0.407919369,12.64550045,0.483870968,1.51835993,0.016534812,0.446439918,0.259259259,1.433552619,181,7,1797,34.341765937946974,6.4319905051304165
400547844,Oklahoma State,40,Missouri State,23,consensus,,-32.5,Oklahoma State -32.5,2014,2,9/6/2014,False,74,12,0.198750606,14.70754485,0.418918919,1.353635413,0.375,0.242424242,3.021212121,100,1.454545455,48.0,2.636363636,87.0,0.109762438,0.466666667,0.964981809,0.336835694,0.344827586,2.169807981,0.256368401,8.460157238,0.454545455,1.269281346,0.207205821,7.666615383,0.324324324,2.028558783,66,12,0.209293002,13.81333812,0.363636364,1.596366159,0.8,0.138888889,3.175,114,1.138888889,41.0,1.388888889,50.0,0.042752963,0.395348837,1.222522653,0.520650466,0.304347826,2.504271818,0.188816765,6.797403555,0.333333333,1.242078825,0.209522699,6.076158271,0.379310345,2.042551421,147,115,20501,39.886766454265086,23.44287786364456
400548105,Bowling Green,48,VMI,7,consensus,,-38.0,Bowling Green -38,2014,2,9/6/2014,False,70,14,0.380587328,26.64111299,0.542857143,1.193571226,1.0,0.138888889,3.633333333,131,1.666666667,60.0,1.916666667,69.0,0.318108994,0.64,0.945339236,0.536783164,0.3,2.517475171,0.390893922,14.07218119,0.666666667,0.92817957,0.369674465,12.5689318,0.411764706,1.64852835,88,16,-0.017747108,-1.561745494,0.397727273,0.988877599,0.666666667,0.21875,2.640625,85,0.8125,26.0,0.09375,3.0,-0.032905001,0.459016393,0.830423066,0.016498503,0.259259259,1.622695728,-0.003598601,-0.115155217,0.4375,0.812126143,-0.025831969,-1.446590277,0.375,1.106711902,23,215,5343,38.06551819661932,19.525924051084914
400547655,Temple,24,Navy,31,consensus,,4.0,Navy -4,2014,2,9/6/2014,False,85,11,0.12899516,10.9645886,0.494117647,0.956115719,0.888888889,0.117647059,3.479411765,118,0.970588235,33.0,0.852941176,29.0,-0.063002307,0.483333333,0.754516115,0.58978908,0.52,1.405837913,0.175430886,5.964650112,0.588235294,0.773201657,0.109726349,5.486317425,0.42,1.199009809,69,8,0.422563536,29.15688397,0.623188406,0.984551415,0.666666667,0.066666667,4.485,269,1.683333333,101.0,2.683333333,161.0,0.372625569,0.644067797,0.922031536,0.717197537,0.5,1.459702489,0.505117833,30.30707,0.65,1.051015273,-0.026712488,-0.213699905,0.375,0.760867096,188,122,21354,41.89681249489733,18.37306241405188
400548100,Miami (OH),10,Eastern Kentucky,17,consensus,,-3.0,Miami (OH) -3,2014,2,9/6/2014,False,90,14,0.055407749,4.986697396,0.422222222,1.246288017,0.666666667,0.3125,2.6625,85,0.875,28.0,0.25,8.0,-0.125534901,0.423728814,0.96071607,0.399782469,0.419354839,1.795464837,0.013625353,0.436011305,0.375,0.793604593,0.097269125,5.544340134,0.438596491,1.553173742,61,15,-0.179710901,-10.96236495,0.245901639,1.512558786,0.0,0.344827586,2.096551724,61,0.586206897,17.0,0.689655172,20.0,-0.14755384,0.272727273,1.203205602,-0.217610294,0.214285714,1.976588562,-0.290854774,-8.434788435,0.206896552,0.966031691,-0.098531035,-3.054462081,0.258064516,2.04566326,107,51,10765,36.00417726739319,14.125207788814796
400548408,Appalachian State,66,Campbell,0,consensus,,-37.0,Appalachian State -37,2014,2,9/6/2014,False,77,14,0.328499172,25.29443626,0.519480519,1.265766532,0.777777778,0.130434783,3.567391304,164,1.217391304,56.0,2.0,92.0,0.220758554,0.559322034,0.945833731,0.681648976,0.388888889,2.774021167,0.362810204,16.6892694,0.543478261,1.032411291,0.295216359,8.856490784,0.466666667,1.790835925,53,14,-0.398626479,-21.12720341,0.169811321,0.862254153,0.333333333,0.321428571,1.778571429,50,0.678571429,19.0,0.392857143,11.0,-0.623543661,0.266666667,0.888345859,-0.105256243,0.043478261,0.653520509,-0.215614103,-6.037194889,0.142857143,0.944320429,-0.603600341,-15.09000852,0.2,0.796601133,8,29,1872,41.2847523964795,19.387190942625104
400548262,California,55,Sacramento State,14,consensus,,-25.5,California -25.5,2014,2,9/6/2014,False,78,13,0.538636568,42.0136523,0.525641026,1.471172221,0.666666667,0.208333333,3.127083333,150,1.270833333,61.0,1.375,66.0,0.458262479,0.535714286,1.302564964,0.743225158,0.5,1.931010194,0.250463204,12.02223379,0.416666667,1.143542825,0.977960748,27.38290093,0.678571429,1.833615105,67,14,0.047965206,3.213668797,0.373134328,1.269272409,0.333333333,0.25,2.15,52,0.958333333,23.0,2.875,69.0,0.029099257,0.465116279,1.138123303,0.081766698,0.208333333,1.793868832,0.037222004,0.893328086,0.333333333,1.244171479,0.053961412,2.320340711,0.395348837,1.281084611,28,164,6337,35.704661357107604,19.8451173599143
400548261,Washington,59,Eastern Washington,52,consensus,,-14.0,Washington -14,2014,2,9/6/2014,False,77,12,0.934667876,71.96942642,0.493506494,2.393042948,0.9,0.075471698,3.611320755,191,1.245283019,66.0,2.037735849,108.0,0.99459834,0.547169811,2.374070649,0.802321434,0.375,2.454175909,1.06587093,56.49115927,0.509433962,2.516712396,0.532896822,12.25662691,0.434782609,1.976275708,78,10,0.317247247,24.74528528,0.512820513,1.094162669,1.0,0.037037037,3.27037037,88,0.814814815,22.0,0.62962963,17.0,0.183977909,0.553571429,0.790926627,0.656478289,0.409090909,2.13864237,0.006211772,0.167717855,0.481481481,0.261857218,0.511424429,25.57122146,0.52,1.590616037,222,53,11245,37.82896345678039,16.248854403783028
400547986,Penn State,21,Akron,3,consensus,,-18.0,Penn State -18,2014,2,9/6/2014,False,67,12,0.22281848,14.92883813,0.507462687,1.168799524,1.0,0.275862069,2.724137931,79,1.206896552,35.0,1.034482759,30.0,0.184065417,0.565217391,0.810763057,0.307706141,0.380952381,2.332418045,0.051918673,1.505641521,0.482758621,0.710602713,0.353242016,13.42319661,0.526315789,1.489537293,72,12,-0.133498046,-9.611859317,0.333333333,0.666591961,0.666666667,0.142857143,3.038095238,64,0.761904762,16.0,0.285714286,6.0,-0.04563631,0.444444444,0.73001178,-0.279934272,0.148148148,0.349492868,0.005795437,0.121704173,0.285714286,0.707485878,-0.180847432,-9.042371622,0.34,0.732028451,152,2,618,40.77758015317809,16.086515264248742
400547989,Purdue,17,Central Michigan,38,consensus,,-2.5,Purdue -2.5,2014,2,9/6/2014,False,81,13,-0.024051985,-1.948210782,0.407407407,1.170167484,0.857142857,0.21875,2.746875,88,0.71875,23.0,0.59375,19.0,-0.049561712,0.444444444,0.980480854,0.026967468,0.333333333,1.675998499,0.159721213,5.111078801,0.46875,1.096612186,-0.151115596,-7.253548605,0.354166667,1.292475598,60,13,0.202081393,12.12488358,0.416666667,1.232537874,1.0,0.146341463,3.080487805,126,1.268292683,52.0,0.536585366,22.0,0.192035638,0.488372093,1.009872601,0.227491244,0.235294118,2.401530561,0.21312219,8.73800981,0.43902439,0.946618061,0.241958621,4.355255172,0.333333333,2.457117194,157,32,7148,33.59159708540408,11.149505155859035
400547653,North Texas,43,SMU,6,consensus,,-4.0,North Texas -4,2014,2,9/6/2014,False,77,13,0.164710133,12.68268022,0.38961039,1.064545691,0.666666667,0.185185185,3.048148148,165,0.907407407,49.0,1.148148148,62.0,0.038272907,0.4,0.829129414,0.398853143,0.37037037,1.535378243,0.174513181,9.423711765,0.314814815,1.429634045,0.220855753,3.975403553,0.444444444,1.043628382,58,13,-0.053496541,-3.102799358,0.362068966,1.373948036,1.0,0.4,-2.09,-21,0.9,9.0,,,-0.362599427,0.424242424,0.897399923,0.354519269,0.28,2.327044263,-0.965376071,-9.653760713,0.4,0.332273594,0.136478362,6.550961355,0.354166667,1.619047905,136,163,22806,29.381698310746934,10.185955058403481
400548001,Wisconsin,37,Western Illinois,3,consensus,,-38.5,Wisconsin -38.5,2014,2,9/6/2014,False,69,11,0.252507813,17.42303907,0.463768116,1.271948199,0.666666667,0.289473684,3.005263158,114,1.263157895,48.0,0.894736842,34.0,0.147823618,0.52,1.12554614,0.527992536,0.315789474,1.906357121,-0.07790828,-2.960514622,0.289473684,0.89805675,0.804694556,24.14083669,0.7,1.467796101,52,10,-0.15469862,-8.044328244,0.384615385,0.627166874,0.857142857,0.214285714,1.764285714,49,0.464285714,13.0,,,-0.162824733,0.416666667,0.537759259,-0.136414866,0.3125,0.895389722,-0.093396449,-2.615100577,0.392857143,0.489982411,-0.194284289,-4.468538636,0.347826087,1.014277499,231,227,27697,44.44171262596383,17.796611963886235
400547969,Nebraska,31,McNeese,24,consensus,,-25.0,Nebraska -25,2014,2,9/6/2014,False,65,13,0.048006452,3.120419381,0.353846154,1.639957901,0.666666667,0.272727273,2.084848485,69,1.181818182,39.0,2.606060606,86.0,-0.192158349,0.324324324,1.027549173,0.365367082,0.392857143,2.308040149,-0.026758869,-0.883042687,0.333333333,1.098633208,0.134605612,4.172773958,0.35483871,2.345761666,72,13,0.127820659,9.203087456,0.388888889,0.969105497,0.428571429,0.181818182,2.672727273,118,0.931818182,41.0,0.590909091,26.0,-0.048447624,0.434782609,0.613932749,0.43967993,0.307692308,1.857037367,0.068919361,3.032451897,0.431818182,0.714037573,0.257815006,6.96100517,0.296296296,1.794826204,123,103,18971,41.521181011921286,17.83686658207316
400547780,Louisville,66,Murray State,21,consensus,,-37.5,Louisville -37.5,2014,2,9/6/2014,False,89,13,0.467888932,41.64211493,0.505617978,1.509058379,1.0,0.145833333,3.31875,159,1.354166667,65.0,2.666666667,128.0,0.511491543,0.576271186,1.305810183,0.382137129,0.366666667,2.137280076,0.358101616,17.18887758,0.520833333,1.337932256,0.571000621,22.84002482,0.475,1.728742534,57,14,0.096489827,5.499920142,0.385964912,1.219220348,0.0,0.166666667,2.305555556,42,0.166666667,3.0,,,0.241774875,0.542857143,1.046390589,-0.134645476,0.136363636,2.313808822,-0.269589018,-4.852602316,0.277777778,0.140498771,0.265449294,10.35252246,0.435897436,1.5364914,99,120,18434,45.71441501696601,8.454976240651714
400547649,Connecticut,19,Stony Brook,16,consensus,,-16.0,Connecticut -16,2014,2,9/6/2014,False,65,16,-0.108688478,-7.064751086,0.338461538,1.174869572,0.333333333,0.454545455,1.690909091,56,0.727272727,24.0,0.848484848,28.0,-0.052488488,0.41025641,1.06596391,-0.192988464,0.230769231,1.465284672,-0.253685439,-8.371619498,0.303030303,1.051180747,0.064137653,1.924129604,0.333333333,1.595258432,67,15,0.010530435,0.705539133,0.328358209,1.102564814,0.142857143,0.361111111,1.908333333,69,0.833333333,30.0,0.027777778,1.0,-0.017676066,0.394736842,1.200039515,0.047490678,0.24137931,0.893690456,-0.250854161,-9.030749785,0.277777778,0.641157867,0.339341912,10.18025735,0.366666667,1.662619607,42,185,9151,37.2687196976296,12.188304510796968
400548180,Wyoming,17,Air Force,13,consensus,,-1.0,Wyoming -1,2014,2,9/7/2014,False,64,12,0.102402497,6.553759822,0.328125,1.217187038,0.0,0.346153846,1.519230769,40,0.423076923,11.0,0.076923077,2.0,-0.060332634,0.30952381,1.049169782,0.413078657,0.363636364,1.490215079,-0.415475757,-10.80236967,0.153846154,0.450936969,0.472188737,17.47098329,0.432432432,1.492002107,84,13,0.101444951,8.521375919,0.428571429,1.013981852,0.714285714,0.142857143,2.644897959,130,0.469387755,23.0,0.142857143,7.0,0.052129947,0.457627119,0.783373573,0.217828361,0.36,1.705806688,-0.062694041,-3.072008007,0.387755102,0.579277862,0.264125869,8.71615369,0.454545455,1.507989137,233,1,466,33.74982345169418,18.385142936142085
400547826,Ohio State,21,Virginia Tech,35,consensus,,-12.0,Ohio State -12,2014,2,9/7/2014,False,68,16,-0.059516967,-4.047153745,0.279411765,1.996347324,0.666666667,0.272727273,2.257575758,75,1.424242424,47.0,1.606060606,53.0,-0.191577433,0.305555556,1.412503135,0.089051057,0.25,2.799133084,0.116708,3.851363991,0.363636364,1.451425742,-0.225671935,-7.898517736,0.2,2.930498608,76,14,0.09650062,7.334047103,0.355263158,1.26056185,0.666666667,0.282051282,1.576923077,62,1.025641026,40.0,0.794871795,31.0,-0.215994574,0.304347826,0.929536656,0.575659917,0.433333333,1.617050521,-0.101493075,-3.958229931,0.307692308,1.005847809,0.305196677,11.29227703,0.405405405,1.464333083,145,219,23708,44.01036571804654,14.840664382314472
400548183,Hawai'i,30,Oregon State,38,consensus,,11.0,Oregon State -11,2014,2,9/7/2014,False,84,16,0.108269883,9.094670208,0.333333333,1.17473467,0.9,0.2,2.903333333,87,1.0,30.0,0.6,18.0,0.013825027,0.37254902,1.097228376,0.254230117,0.272727273,1.338359068,0.438905967,13.16717901,0.533333333,1.047626465,-0.063795365,-3.381154349,0.20754717,1.529263796,74,15,0.263391319,19.49095758,0.472972973,1.261700713,0.6,0.264705882,2.579411765,88,0.852941176,29.0,2.0,68.0,0.205905354,0.5,1.035932944,0.418603423,0.4,2.023666936,-0.0007677,-0.026101814,0.352941176,0.97956962,0.523684222,20.42368466,0.564102564,1.514150672,70,151,14115,33.83488020679388,16.545321646793116
400547845,UTEP,26,Texas Tech,30,consensus,,18.0,Texas Tech -18,2014,2,9/7/2014,False,79,13,0.101739092,8.037388294,0.443037975,0.787531762,1.0,0.039215686,3.898039216,199,1.098039216,56.0,0.823529412,42.0,0.183479955,0.56,0.73745374,-0.039193429,0.24137931,0.987843851,0.293014536,14.94374133,0.549019608,0.80663626,-0.210483318,-5.472566264,0.192307692,1.282316635,59,13,0.408906665,24.12549325,0.440677966,1.574379514,0.75,0.178571429,3.492857143,98,1.607142857,45.0,3.5,98.0,0.679866285,0.526315789,1.757419453,-0.081401219,0.285714286,0.964246384,0.327648816,9.174166859,0.464285714,1.19906629,0.510416594,15.31249782,0.4,2.142264752,212,196,26965,43.2185268465808,21.626468336692888
400547652,UCLA,42,Memphis,35,consensus,,-24.0,UCLA -24,2014,2,9/7/2014,False,85,14,0.211255347,17.95670451,0.458823529,1.310866848,0.8,0.184210526,3.142105263,119,1.105263158,42.0,0.394736842,15.0,0.337710762,0.5,1.257572145,-0.174132584,0.333333333,1.554499778,0.209457151,7.959371752,0.421052632,0.977130703,0.212709208,9.997332762,0.489361702,1.543031122,81,14,0.180333563,14.60701863,0.382716049,1.358007923,1.0,0.131578947,3.005263158,114,0.842105263,32.0,0.842105263,32.0,0.155125052,0.448979592,1.221842549,0.218934096,0.28125,1.690856615,0.060409402,2.29555727,0.263157895,1.425759664,0.286313055,12.31146136,0.488372093,1.325745189,206,104,19185,33.321197272252235,19.413510255089136
400547796,North Carolina,31,San Diego State,27,consensus,,-13.5,North Carolina -13.5,2014,2,9/7/2014,False,65,12,0.234341958,15.23222727,0.507692308,1.056701956,0.8,0.181818182,3.084848485,102,0.878787879,29.0,0.212121212,7.0,0.248843969,0.557692308,0.983091696,0.176333915,0.307692308,1.590376342,0.08646927,2.853485915,0.484848485,0.702925823,0.433842798,13.44912673,0.516129032,1.543421047,76,13,0.135479336,10.29642957,0.447368421,1.353887532,0.5,0.235294118,2.867647059,98,1.117647059,38.0,1.323529412,45.0,-0.317637681,0.4375,0.828131885,0.912251367,0.464285714,2.203185114,0.174623944,5.937214106,0.411764706,1.164543624,0.082489702,3.299588095,0.45,1.592718776,131,168,22306,40.13596211944556,14.786289755693195
400548181,Boise State,37,Colorado State,24,consensus,,-8.0,Boise State -8,2014,2,9/7/2014,False,89,14,0.268659911,23.91073207,0.539325843,1.108153157,0.875,0.166666667,3.274074074,177,1.555555556,84.0,1.592592593,86.0,0.202890668,0.553846154,0.984487326,0.446784944,0.5,1.479150648,0.252495112,13.63473607,0.537037037,0.979430487,0.345509677,11.74732901,0.529411765,1.458844467,84,14,0.148741465,12.49428307,0.380952381,1.517960958,0.5,0.272727273,1.809090909,40,0.227272727,5.0,,,-0.180942679,0.395833333,0.836789357,0.588320324,0.361111111,2.513519451,-0.304644563,-6.70218039,0.181818182,0.224853049,0.320814972,19.56971328,0.442622951,1.779577344,21,41,4744,39.184288212143244,20.51351303463983
400548187,UNLV,13,Northern Colorado,12,consensus,,-28.0,UNLV -28,2014,2,9/7/2014,False,69,12,-0.137590525,-9.493746213,0.420289855,0.966122337,1.0,0.044444444,3.648888889,164,1.2,54.0,0.466666667,21.0,-0.317147088,0.4375,0.791869766,0.272824477,0.380952381,1.423535338,0.12247768,5.511495617,0.444444444,0.724087392,-0.715670561,-15.02908178,0.333333333,1.67104183,62,12,0.144206287,8.940789806,0.435483871,0.889601241,0.5,0.189189189,3.321621622,123,1.216216216,45.0,0.810810811,30.0,0.298678835,0.555555556,0.957084861,-0.264691633,0.117647059,0.046055991,0.071987219,2.663527114,0.405405405,0.812564456,0.281550471,6.757211295,0.458333333,1.119155933,208,138,23046,37.29423648206554,24.240922112113005
400548188,Utah State,40,Idaho State,20,consensus,,-35.0,Utah State -35,2014,2,9/7/2014,False,77,15,0.14137747,10.88606517,0.402597403,1.148786968,1.0,0.159090909,3.827272727,168,1.75,77.0,2.295454545,101.0,0.050505662,0.470588235,0.948798415,0.319626015,0.269230769,1.834462008,0.428448142,18.85171824,0.522727273,1.227213702,-0.204630024,-6.343530747,0.193548387,1.501433863,80,18,-0.073338355,-5.867068401,0.3125,1.251790109,1.0,0.225806452,2.370967742,74,0.741935484,23.0,0.580645161,18.0,0.006098114,0.38,1.019570034,-0.20573247,0.2,1.987153679,-0.193071928,-5.985229758,0.258064516,0.646309406,-0.001403275,-0.065953931,0.319148936,1.729344145,214,76,15147,45.821509143350426,14.028121881001496
400547651,Houston,47,Grambling,0,consensus,,-47.5,Houston -47.5,2014,2,9/7/2014,False,67,14,0.260543744,17.45643085,0.47761194,1.174907963,0.428571429,0.333333333,2.279487179,89,1.025641026,40.0,3.871794872,151.0,0.332906511,0.530612245,1.201575381,0.063556212,0.333333333,1.059349154,0.244521432,9.536335853,0.461538462,1.292727897,0.340103612,8.502590298,0.44,1.355495271,63,15,-0.088760354,-5.591902276,0.26984127,1.254712259,0.25,0.264705882,2.367647059,81,0.470588235,16.0,0.117647059,4.0,-0.349077401,0.282051282,0.603614526,0.334254848,0.25,2.448391436,-0.318191295,-10.81850402,0.235294118,0.477177369,0.180227646,5.226601739,0.310344828,1.945854383,72,68,13705,34.01374139521628,18.909092748061383
400548021,North Texas,21,Louisiana Tech,42,consensus,,-4.0,North Texas -4,2014,3,9/12/2014,False,69,14,0.136508621,9.419094865,0.333333333,1.430074615,0.75,0.2,2.488571429,87,1.142857143,40.0,0.714285714,25.0,0.209060221,0.428571429,1.38173248,0.023650577,0.185185185,1.604106303,0.273715004,9.580025131,0.4,1.371582072,-0.004733243,-0.160930267,0.264705882,1.521063015,66,16,0.253468757,16.72893799,0.484848485,1.299346532,0.666666667,0.25,2.35,66,0.964285714,27.0,0.678571429,19.0,0.131568987,0.520833333,0.995432389,0.578534812,0.388888889,2.384754187,-0.036317424,-1.016887881,0.428571429,0.754530931,0.466995418,17.74582587,0.526315789,1.626235893,136,98,18314,,
400547658,BYU,33,Houston,25,consensus,,-14.0,BYU -14,2014,3,9/12/2014,False,96,13,0.245415009,23.55984087,0.489583333,1.043931951,0.888888889,0.068965517,4.013793103,233,1.413793103,82.0,1.137931034,66.0,0.091355367,0.52173913,0.819136935,0.639122983,0.407407407,1.779624733,0.457641796,26.54322417,0.551724138,1.086666817,-0.061720937,-2.283674663,0.378378378,1.070798015,65,13,0.151825914,9.86868442,0.369230769,1.24363614,0.0,0.454545455,1.081818182,12,0.181818182,2.0,,,0.184280111,0.463414634,1.114841005,0.096383327,0.208333333,1.733057655,-0.461995676,-5.081952437,0.090909091,0.791575894,0.347241907,17.70933727,0.411764706,1.429694593,17,72,3913,,
400547659,Cincinnati,58,Toledo,34,consensus,,-12.0,Cincinnati -12,2014,3,9/12/2014,False,73,13,0.525394598,38.35380567,0.493150685,1.583029276,1.0,0.068965517,2.993103448,87,0.965517241,28.0,1.724137931,50.0,0.310882454,0.479166667,1.281735886,0.937257914,0.52,2.116086813,0.203844274,5.911483958,0.413793103,1.123734783,0.755446765,32.48421091,0.534883721,1.893309815,83,13,0.33230377,27.58121289,0.506024096,1.158934108,0.0,0.083333333,4.388888889,158,1.694444444,61.0,1.75,63.0,0.206674162,0.55,0.79853141,0.660033182,0.391304348,2.48041067,0.322776475,11.61995311,0.555555556,0.784283145,0.383928841,17.27679783,0.444444444,1.715255385,36,198,7991,,
400547788,Miami,41,Arkansas State,20,consensus,,-17.0,Miami -17,2014,3,9/13/2014,False,59,14,0.478899456,28.25506791,0.440677966,1.969526395,1.0,0.290322581,2.390322581,74,1.290322581,40.0,2.032258065,63.0,0.23600083,0.435897436,1.652001233,0.952551776,0.45,2.569296145,0.104041268,3.225279293,0.419354839,1.283236092,0.893921022,25.02978861,0.464285714,2.655816697,88,14,0.102319381,9.004105565,0.386363636,1.230390181,0.5,0.238095238,2.983333333,125,0.666666667,28.0,0.404761905,17.0,-0.043084327,0.423728814,0.792511323,0.398140719,0.310344828,2.446720341,-0.010197286,-0.428286017,0.333333333,0.882725393,0.205051991,9.432391581,0.434782609,1.473755532,106,12,2847,,
400548193,Oregon,48,Wyoming,14,consensus,,-43.0,Oregon -43,2014,3,9/13/2014,False,68,10,0.536621622,36.49027029,0.661764706,1.06232498,0.5,0.135135135,3.872972973,143,1.648648649,61.0,2.189189189,81.0,0.452523507,0.655172414,0.981103613,1.024390686,0.7,1.503240967,0.367295941,13.58994981,0.621621622,0.971244159,0.738720016,22.90032049,0.709677419,1.157545837,73,10,0.112760555,8.231520502,0.369863014,1.538701696,1.0,0.228571429,2.202857143,77,0.971428571,34.0,1.942857143,68.0,0.225074889,0.4,1.417659133,-0.067744625,0.321428571,1.780786824,-0.110235767,-3.858251857,0.285714286,1.14441023,0.318151904,12.08977236,0.447368421,1.770637853,150,233,24157,,
400547945,Michigan,34,Miami (OH),10,consensus,,-31.5,Michigan -31.5,2014,3,9/13/2014,False,68,12,0.243851141,16.58187756,0.5,1.120467646,0.75,0.090909091,3.6,158,1.704545455,75.0,1.454545455,64.0,0.278136348,0.541666667,1.087718394,0.161566644,0.4,1.226902715,0.257158329,11.31496649,0.522727273,1.0233366,0.250987112,5.52171647,0.409090909,1.64599595,51,14,-0.071391429,-3.640962866,0.254901961,1.046432984,0.0,0.217391304,1.843478261,42,0.130434783,3.0,,,-0.014041306,0.333333333,1.010341611,-0.135910317,0.166666667,1.127638571,-0.363360373,-8.357288587,0.043478261,1.141532951,0.207316738,5.597551923,0.407407407,1.213029276,108,107,19474,,
400548392,South Carolina,38,Georgia,35,consensus,,3.0,Georgia -3,2014,3,9/13/2014,False,72,11,0.357485802,25.73897775,0.513888889,1.229500501,1.0,0.225,2.5775,103,1.45,58.0,0.75,30.0,0.160671319,0.52,0.916873095,0.804791445,0.5,1.968438006,0.063720439,2.548817551,0.475,0.931524167,0.774900416,24.02191291,0.548387097,1.683783062,62,10,0.393952979,24.4250847,0.5,1.259515819,0.714285714,0.111111111,3.552777778,128,1.388888889,50.0,1.944444444,70.0,0.294500628,0.465116279,1.189154055,0.619029352,0.578947368,1.387446298,0.326187181,11.74273853,0.444444444,1.192957247,0.57751155,13.8602772,0.541666667,1.625815806,172,64,13131,,
400548109,Vanderbilt,34,UMass,31,consensus,,-17.0,Vanderbilt -17,2014,3,9/13/2014,False,63,12,0.062439936,3.933715963,0.476190476,0.925622719,0.75,0.2,3.05,122,1.2,48.0,1.0,40.0,0.169973532,0.5625,0.894737469,-0.281667573,0.2,1.203589975,0.083525903,3.341036119,0.5,0.859966754,0.025768689,0.592679843,0.434782609,1.056934651,76,14,0.037271011,2.832596803,0.407894737,1.319685514,0.8,0.194444444,2.913888889,105,0.638888889,23.0,0.222222222,8.0,-0.320991188,0.41509434,0.810318406,0.862831728,0.391304348,2.564805113,-0.128441962,-4.62391063,0.416666667,0.66896924,0.397457982,15.10340333,0.394736842,2.111186807,216,207,27332,,
